-- MySQL dump 10.13  Distrib 8.0.19, for Win64 (x86_64)
--
-- Host: localhost    Database: awardsystem
-- ------------------------------------------------------
-- Server version	8.0.45

/*!40101 SET @OLD_CHARACTER_SET_CLIENT=@@CHARACTER_SET_CLIENT */;
/*!40101 SET @OLD_CHARACTER_SET_RESULTS=@@CHARACTER_SET_RESULTS */;
/*!40101 SET @OLD_COLLATION_CONNECTION=@@COLLATION_CONNECTION */;
/*!50503 SET NAMES utf8mb4 */;
/*!40103 SET @OLD_TIME_ZONE=@@TIME_ZONE */;
/*!40103 SET TIME_ZONE='+00:00' */;
/*!40014 SET @OLD_UNIQUE_CHECKS=@@UNIQUE_CHECKS, UNIQUE_CHECKS=0 */;
/*!40014 SET @OLD_FOREIGN_KEY_CHECKS=@@FOREIGN_KEY_CHECKS, FOREIGN_KEY_CHECKS=0 */;
/*!40101 SET @OLD_SQL_MODE=@@SQL_MODE, SQL_MODE='NO_AUTO_VALUE_ON_ZERO' */;
/*!40111 SET @OLD_SQL_NOTES=@@SQL_NOTES, SQL_NOTES=0 */;

--
-- Table structure for table `application_file`
--

DROP TABLE IF EXISTS `application_file`;
/*!40101 SET @saved_cs_client     = @@character_set_client */;
/*!50503 SET character_set_client = utf8mb4 */;
CREATE TABLE `application_file` (
  `file_id` int NOT NULL AUTO_INCREMENT COMMENT '文件ID（主键）',
  `application_id` int NOT NULL COMMENT '关联奖项申请表ID',
  `file_name` varchar(255) NOT NULL COMMENT '文件原始名称（如获奖证书.pdf）',
  `file_path` varchar(512) NOT NULL COMMENT '文件存储路径（服务器/OSS路径）',
  `file_type` varchar(50) NOT NULL COMMENT '文件类型（如pdf/jpg/png/docx）',
  `file_size` int NOT NULL COMMENT '文件大小（单位：字节）',
  `upload_time` datetime NOT NULL DEFAULT CURRENT_TIMESTAMP COMMENT '文件上传时间',
  PRIMARY KEY (`file_id`),
  KEY `idx_application_id` (`application_id`),
  CONSTRAINT `application_file_ibfk_1` FOREIGN KEY (`application_id`) REFERENCES `award_application` (`application_id`) ON DELETE CASCADE
) ENGINE=InnoDB AUTO_INCREMENT=20 DEFAULT CHARSET=utf8mb4 COLLATE=utf8mb4_0900_ai_ci COMMENT='奖项申请的资料证明文件表（支持多文件）';
/*!40101 SET character_set_client = @saved_cs_client */;

--
-- Dumping data for table `application_file`
--

LOCK TABLES `application_file` WRITE;
/*!40000 ALTER TABLE `application_file` DISABLE KEYS */;
INSERT INTO `application_file` VALUES (16,15,'咸菜.jpg','/uploads/applications/15/82d57516-eb57-45f5-b1e8-e48a10c31d09.jpg','.jpg',61965,'2026-02-27 20:50:40'),(17,16,'图库6.jpg','/uploads/applications/16/82fae9e5-66fe-4007-bc21-b89190e20a04.jpg','.jpg',123972,'2026-02-27 20:51:48'),(18,19,'军波.jpg','/uploads/applications/19/0e3ee0bd-1e37-4e32-8ef9-ebf800a908dc.jpg','.jpg',37238,'2026-02-28 11:41:20'),(19,20,'Screenshot_2026-03-07-17-07-16-91_ae1f93045b87aacac90efbb155289789.jpg','/uploads/applications/20/1aa97a88-721f-43c0-8242-1fe084d108df.jpg','.jpg',127268,'2026-03-08 19:34:18');
/*!40000 ALTER TABLE `application_file` ENABLE KEYS */;
UNLOCK TABLES;

--
-- Table structure for table `application_teacher`
--

DROP TABLE IF EXISTS `application_teacher`;
/*!40101 SET @saved_cs_client     = @@character_set_client */;
/*!50503 SET character_set_client = utf8mb4 */;
CREATE TABLE `application_teacher` (
  `id` int NOT NULL AUTO_INCREMENT COMMENT '关联ID（主键）',
  `teacher_name` varchar(50) NOT NULL COMMENT '指导老师姓名（与mentor表无关）',
  `teacher_department` varchar(50) NOT NULL DEFAULT '' COMMENT '指导老师所在学院（与mentor表无关）',
  `teacher_no` varchar(20) NOT NULL DEFAULT '' COMMENT '指导老师工号（与mentor表无关）',
  `application_id` int NOT NULL COMMENT '关联申请表ID',
  PRIMARY KEY (`id`),
  KEY `application_id` (`application_id`),
  CONSTRAINT `application_teacher_ibfk_1` FOREIGN KEY (`application_id`) REFERENCES `award_application` (`application_id`) ON DELETE CASCADE ON UPDATE CASCADE
) ENGINE=InnoDB AUTO_INCREMENT=12 DEFAULT CHARSET=utf8mb4 COLLATE=utf8mb4_0900_ai_ci COMMENT='申请的指导老师关联表（支持多个指导老师，与mentor表无关）';
/*!40101 SET character_set_client = @saved_cs_client */;

--
-- Dumping data for table `application_teacher`
--

LOCK TABLES `application_teacher` WRITE;
/*!40000 ALTER TABLE `application_teacher` DISABLE KEYS */;
INSERT INTO `application_teacher` VALUES (8,'2','2','2',15),(9,'pn','xx','11',19),(10,'1','2','3',19),(11,'s','s','s',20);
/*!40000 ALTER TABLE `application_teacher` ENABLE KEYS */;
UNLOCK TABLES;

--
-- Table structure for table `award_application`
--

DROP TABLE IF EXISTS `award_application`;
/*!40101 SET @saved_cs_client     = @@character_set_client */;
/*!50503 SET character_set_client = utf8mb4 */;
CREATE TABLE `award_application` (
  `application_id` int NOT NULL AUTO_INCREMENT COMMENT '申请ID（主键）',
  `competition_id` int NOT NULL COMMENT '关联竞赛表ID',
  `team_id` int DEFAULT NULL COMMENT '关联团队ID（团队申请时非空，个人申请时为NULL）',
  `student_id` int NOT NULL COMMENT '申请人ID（关联学生表）',
  `project_name` varchar(100) NOT NULL COMMENT '项目名称（获奖项目的具体名称）',
  `award_quantity` int NOT NULL DEFAULT '1' COMMENT '获奖数量（学生无需填写，导师统计维护，团体赛默认1）',
  `award_person_count` int NOT NULL DEFAULT '0' COMMENT '获奖人数（学生无需填写，按团队成员数自动统计/导师复核）',
  `contact` varchar(50) NOT NULL COMMENT '负责人联系方式',
  `competition_level` varchar(20) NOT NULL COMMENT '竞赛级别',
  `award_rank` varchar(20) NOT NULL COMMENT '获奖等次（A/B/C/D）',
  `award_level` varchar(20) NOT NULL COMMENT '获奖等级（如一等奖/金奖）',
  `award_time` date NOT NULL COMMENT '获奖时间',
  `application_status` varchar(50) NOT NULL COMMENT '申请状态（pending-待审核, approved-已通过, rejected-已拒绝, returned-已打回）',
  `create_time` datetime NOT NULL DEFAULT CURRENT_TIMESTAMP COMMENT '申请提交时间',
  `application_number` varchar(20) DEFAULT NULL COMMENT '申请编号（格式：SJ+日期，如SJ20251129）',
  PRIMARY KEY (`application_id`),
  UNIQUE KEY `application_number` (`application_number`),
  KEY `competition_id` (`competition_id`),
  KEY `team_id` (`team_id`),
  KEY `student_id` (`student_id`),
  CONSTRAINT `award_application_ibfk_1` FOREIGN KEY (`competition_id`) REFERENCES `competition` (`competition_id`) ON DELETE CASCADE,
  CONSTRAINT `award_application_ibfk_2` FOREIGN KEY (`team_id`) REFERENCES `team` (`team_id`) ON DELETE SET NULL,
  CONSTRAINT `award_application_ibfk_3` FOREIGN KEY (`student_id`) REFERENCES `student` (`student_id`) ON DELETE CASCADE,
  CONSTRAINT `chk_application_status` CHECK ((`application_status` in (_utf8mb3'pending',_utf8mb3'approved',_utf8mb3'rejected',_utf8mb3'returned')))
) ENGINE=InnoDB AUTO_INCREMENT=21 DEFAULT CHARSET=utf8mb4 COLLATE=utf8mb4_0900_ai_ci COMMENT='奖项申请表（含项目名称，支持团队/个人申请）';
/*!40101 SET character_set_client = @saved_cs_client */;

--
-- Dumping data for table `award_application`
--

LOCK TABLES `award_application` WRITE;
/*!40000 ALTER TABLE `award_application` DISABLE KEYS */;
INSERT INTO `award_application` VALUES (14,686,NULL,1,'1',1,1,'13554699810','省级','1','A','2026-02-25','approved','2026-02-27 12:04:11','AP202602273156'),(15,704,NULL,1,'2',1,1,'13554699810','国家级','2','B','2026-02-27','approved','2026-02-27 20:50:40','AP202602277395'),(16,827,NULL,1,'3',1,1,'13554699810','国家级','M','C','2026-02-28','pending','2026-02-27 20:51:48','AP202602275784'),(17,704,NULL,1,'4',1,1,'13554699810','国家级','4','B','2026-02-17','approved','2026-02-27 20:52:59','AP202602270139'),(18,702,NULL,1,'5',1,1,'13554699810','国家级','5','B','2026-02-19','pending','2026-02-27 21:09:27','AP202602279193'),(19,708,NULL,1,'wu',1,1,'18888888888','国家级','1','B','2026-02-13','approved','2026-02-28 11:41:20','AP202602285243'),(20,686,NULL,1,'呵呵',1,1,'19945143811','国家级','一等奖','A','2026-03-05','pending','2026-03-08 19:34:18','AP202603084965');
/*!40000 ALTER TABLE `award_application` ENABLE KEYS */;
UNLOCK TABLES;

--
-- Table structure for table `competition`
--

DROP TABLE IF EXISTS `competition`;
/*!40101 SET @saved_cs_client     = @@character_set_client */;
/*!50503 SET character_set_client = utf8mb4 */;
CREATE TABLE `competition` (
  `competition_id` int NOT NULL AUTO_INCREMENT COMMENT '竞赛ID（主键）',
  `competition_name` varchar(50) NOT NULL COMMENT '竞赛名称',
  `award_rank` varchar(100) NOT NULL COMMENT '获奖等次（A/B/C/D）',
  PRIMARY KEY (`competition_id`)
) ENGINE=InnoDB AUTO_INCREMENT=1027 DEFAULT CHARSET=utf8mb4 COLLATE=utf8mb4_0900_ai_ci COMMENT='竞赛信息表';
/*!40101 SET character_set_client = @saved_cs_client */;

--
-- Dumping data for table `competition`
--

LOCK TABLES `competition` WRITE;
/*!40000 ALTER TABLE `competition` DISABLE KEYS */;
INSERT INTO `competition` VALUES (686,'“挑战杯”全国大学生课外学术科技作品竞赛','A'),(687,'“挑战杯”中国大学生创业计划大赛','A'),(688,'全国大学生创新创业训练计划年会展示','A'),(689,'大学生实验技能暨创新创业大赛','A'),(690,'长江钢琴杯青少年音乐比赛','A'),(691,'“田家炳杯”全日制教育硕士小学教育领域教学技能大赛','A'),(692,'悲鸿风度·油画双年展','A'),(693,'湖北省大学生文化创意作品大赛','A'),(694,'“BETT杯”全国大学生英语词汇大赛','A'),(695,'湖北省高校美术与艺术设计大展','A'),(696,'东方设计奖·全国高校创新设计大赛','A'),(697,'湖北省大学生艺术节','A'),(698,'全国大学生英语作文大赛','A'),(699,'湖北省楚天杯公益广告征集推广活动','A'),(700,'“良渚杯”全国大学生廉洁文化艺术大赛','A'),(701,'全国大学生网络评论大赛','A'),(702,'ACM-ICPC国际大学生程序设计竞赛','B'),(703,'全国大学生数学建模竞赛','B'),(704,'全国大学生电子设计竞赛','B'),(705,'全国大学生机械创新设计大赛','B'),(706,'全国大学生广告艺术大赛','B'),(707,'全国大学生智能汽车竞赛','B'),(708,'全国大学生电子商务“创新、创意及创业”挑战赛','B'),(709,'中国大学生工程实践与创新能力大赛','B'),(710,'外研社·国才杯全国大学生外语能力大赛系列赛事 （英语组、多语种组、国际中文组）','B'),(711,'全国大学生化工设计竞赛','B'),(712,'全国大学生市场调查与分析大赛','B'),(713,'中国大学生计算机设计大赛','B'),(714,'未来设计师·全国高校数字艺术设计大赛（含未来设计师·国际创新设计大赛）','B'),(715,'全国大学生生命科学竞赛（CULSC）','B'),(716,'“学创杯”全国大学生创业综合模拟大赛','B'),(717,'全国大学生节能减排社会实践与科技竞赛','B'),(718,'iCAN大学生创新创业大赛','B'),(719,'中华经典诵写讲大赛','B'),(720,'全国大学生统计建模大赛','B'),(721,'“华为杯”中国研究生数学建模竞赛','B'),(722,'研究生“文化中国”两创大赛','B'),(723,'“燕园杯”百校百题应用型创新课题大赛','B'),(724,'中国大学生保险责任行寒假社会实践活动','B'),(725,'湖北省大学生新闻传播教育创新实践技能竞赛','B'),(726,'国家民委系统科普讲解大赛','B'),(727,'湖北省科普讲解大赛','B'),(728,'韩素音国际翻译大赛','B'),(729,'时报金犊奖','B'),(730,'湖北高校税务精英挑战赛','B'),(731,'全国大学生数智化业财融合竞赛（原名全国应用型本科会计技能竞赛）','B'),(732,'“育知联杯”全国大学生智慧商务大数据创新应用大赛','B'),(733,'“正保会计网校杯”全国校园财会大赛','B'),(734,'湖北省大学生物理实验创新设计竞赛','B'),(735,'湖北省高等学校大学生生物实验技能竞赛','B'),(736,'湖北省普通高校大学生化学实验技能竞赛','B'),(737,'湖北省高校“与绿同行”微公益环保创意大赛','B'),(738,'湖北省网络空间安全实践能力竞赛','B'),(739,'全国大学生大数据技能竞赛','B'),(740,'全国大学生电工数学建模竞赛','B'),(741,'“华数杯”全国大学生数学建模竞赛','B'),(742,'“华中杯”大学生数学建模挑战赛','B'),(743,'“学院空间”青年美术作品展览','B'),(744,'“楚风杯”大学生书画大赛暨全国大学生樱花笔会','B'),(745,'北京竹笛展演','B'),(746,'湖北金凤杯舞蹈比赛','B'),(747,'湖北音乐金编钟奖','B'),(748,'“辽源杯”艺术展演活动','B'),(749,'“敦煌杯”艺术菁英展演','B'),(750,'盛世华筝国际古筝音乐节','B'),(751,'中国大学生跳绳联赛','B'),(752,'中国大学生健康活力大赛暨中国大学生健身健美锦标赛','B'),(753,'湖北省小学教育专业学生技能竞赛','B'),(754,'全国高校商务英语竞赛','B'),(755,'湖北省科学实验展演汇演活动','B'),(756,'“东方财富杯”全国大学生金融精英挑战赛','B'),(757,'中国包装创意设计大赛','B'),(758,'湖北省优秀科普微视频','B'),(759,'全国法科学生模拟立法大赛','B'),(760,'全国大学生结构设计竞赛','C'),(761,'全国大学生物流设计大赛','C'),(762,'两岸新锐设计竞赛·华灿奖','C'),(763,'全国大学生机器人大赛(CURC)（原全国大学生机器人大赛①RoboMaster、②RoboCon）','C'),(764,'全国大学生先进成图技术与产品信息建模创新大赛','C'),(765,'全国三维数字化创新设计大赛','C'),(766,'“西门子杯”中国智能制造挑战赛','C'),(767,'中国大学生服务外包创新创业大赛','C'),(768,'“蓝桥杯”全国软件和信息技术专业人才大赛','C'),(769,'米兰设计周-中国高校设计学科师生优秀作品展','C'),(770,'全国大学生地质技能竞赛','C'),(771,'全国大学生光电设计竞赛','C'),(772,'全国大学生集成电路创新创业大赛','C'),(773,'全国大学生金相技能大赛','C'),(774,'全国大学生信息安全竞赛','C'),(775,'全国周培源大学生力学竞赛','C'),(776,'中国大学生机械工程创新创意大赛','C'),(777,'中国机器人大赛暨RoboCup机器人世界杯中国赛','C'),(778,'“中国软件杯”大学生软件设计大赛','C'),(779,'中美青年创客大赛','C'),(780,'睿抗机器人开发者大赛 (RAICOM)','C'),(781,'“大唐杯”全国大学生新一代信息通信技术大赛','C'),(782,'华为ICT大赛','C'),(783,'全国大学生嵌入式芯片与系统设计竞赛','C'),(784,'全国大学生物理实验竞赛','C'),(785,'全国高校BIM毕业设计创新大赛','C'),(786,'中国高校智能机器人创意大赛','C'),(787,'中国好创意暨全国数字艺术设计大赛','C'),(788,'中国机器人暨人工智能大赛','C'),(789,'“21世纪杯”英语演讲比赛','C'),(790,'“工行杯”全国大学生金融科技创新大赛','C'),(791,'“外教社杯”全国高校学生跨文化能力大赛','C'),(792,'百度之星·程序设计大赛','C'),(793,'全国大学生工业设计大赛','C'),(794,'全国大学生水利创新设计大赛','C'),(795,'全国大学生化工实验大赛','C'),(796,'全国大学生化学实验创新设计大赛','C'),(797,'全国大学生计算机系统能力大赛','C'),(798,'全国大学生花园设计建造竞赛','C'),(799,'全国大学生物联网设计竞赛','C'),(800,'全国大学生信息安全与对抗技术竞赛','C'),(801,'全国大学生测绘学科创新创业智能大赛','C'),(802,'全国大学生能源经济学术创意大赛','C'),(803,'全国大学生基础医学创新研究暨实验设计论坛 (大赛)','C'),(804,'全国大学生数字媒体科技作品及创意竞赛','C'),(805,'全国本科院校税收风险管控案例大赛','C'),(806,'全国企业竞争模拟大赛','C'),(807,'全国高等院校数智化企业经营沙盘大赛（原全国大学生数智化企业经营沙盘大赛）','C'),(808,'全国数字建筑创新应用大赛','C'),(809,'全球校园人工智能算法精英大赛','C'),(810,'国际大学生智能农业装备创新大赛','C'),(811,'“科云杯”全国大学生财会职业能力大赛','C'),(812,'全国大学生化学实验邀请赛','C'),(813,'全国大学生交通科技大赛','C'),(814,'“泰迪杯”全国数据挖掘挑战赛','C'),(815,'iTeach全国大学生数字化教育应用创新大赛','C'),(816,'微软“创新杯”全球学生大赛','C'),(817,'ALTERA亚洲创新设计大赛','C'),(818,'全国大学生软件创新大赛','C'),(819,'CCPC中国大学生程序设计竞赛（湖北省大学生程序设计竞赛HBCPC为其省级赛事）','C'),(820,'全国大学生过程控制仿真挑战赛','C'),(821,'“欧姆龙杯”自动化控制应用设计大赛','C'),(822,'中国高校计算机大赛--微信小程序应用开发赛','C'),(823,'全国计算机仿真大奖赛','C'),(824,'ASC世界大学生超级计算机竞赛','C'),(825,'世界机器人大赛机器人格斗大赛','C'),(826,'中国工程机器人大赛暨国际公开赛','C'),(827,'美国（国际）大学生数学建模竞赛（MCM/ICM）','C'),(828,'全国高校密码数学挑战赛','C'),(829,'全国大学生生物医学工程创新设计竞赛','C'),(830,'全国大学生药苑论坛','C'),(831,'全国医药院校药学/中药学专业大学生实验技能展示活动','C'),(832,'全国高校市场营销大赛','C'),(833,'全国高校企业价值创造实战大赛','C'),(834,'全国科普讲解大赛','C'),(835,'“希望之星”英语风采大赛','C'),(836,'全国版权征文大赛','C'),(837,'“理律杯”全国高校模拟法庭竞赛','C'),(838,'全国大学生艺术展演','C'),(839,'全国“桃李杯”舞蹈教育教学成果展示活动','C'),(840,'长江钢琴·全国高校钢琴大赛','C'),(841,'全国青年歌手电视大奖赛','C'),(842,'全国美术作品展览','C'),(843,'“田家炳杯”全日制教育硕士专业学位研究生教学技能大赛','C'),(844,'全国大学生/研究生心理辅导课教学创新大赛','C'),(845,'中华人民共和国学生（青年）运动会','C'),(846,'大学生教育信息化创新创业奖','C'),(847,'“安恒杯”全国高校网络信息安全挑战赛','C'),(848,'中青杯全国大学生数学建模','C'),(849,'湖北省大学生化学（化工）学术创新成果报告会','C'),(850,'全国高校学生商业案例分析大赛','C'),(851,'“创光谷杯”湖北大学生金融投资大赛','C'),(852,'湖北省大学生金融知识竞赛','C'),(853,'“致同杯”全国会计技能（会计扑克）挑战赛','C'),(854,'湖北省MPAcc学生案例大赛','C'),(855,'全国大学生生态环境管理科研创新大赛','C'),(856,'武汉市科普讲解大赛','C'),(857,'湖北省文博系统“讲好中国故事”推介大赛','C'),(858,'“普译奖”全国大学生英语大赛','C'),(859,'湖北省翻译大赛','C'),(860,'中西部翻译大赛','C'),(861,'湖北省大学生日语作文大赛','C'),(862,'湖北省大学生文化创意设计大赛','C'),(863,'全国大学生少数民族题材影视作品大赛','C'),(864,'湖北省优秀广告作品评选','C'),(865,'紫金奖·建筑及环境设计大赛','C'),(866,'BICC中英国际创意大赛','C'),(867,'G-CROSS AWARD创意奖','C'),(868,'上海青少年钢琴大赛','C'),(869,'中国青少年艺术盛典湖北赛区--古筝','C'),(870,'湖北省古筝艺术活动古筝分级大赛','C'),(871,'湖北省大学生运动会','C'),(872,'民体杯体育比赛','C'),(873,'湖北省大学生排球比赛','C'),(874,'全国啦啦操竞赛','C'),(875,'武汉市科学实验展演汇演','C'),(876,'湖北省大学生营销大赛\n（公益助农创业大赛）','C'),(877,'湖北省微生物培养皿艺术设计大赛','C'),(878,'全国大学生数据分析技术技能大赛','C'),(879,'“泰迪杯”数据分析技能赛','C'),(880,'全国跳绳联赛','C'),(881,'东方创意之星设计大赛','C'),(882,'“写生湖北”——湖北省高校风景题材美术作品展览','C'),(883,'湖北省舞龙舞狮锦标赛','C'),(884,'“创新杯”全国大学生就业能力大赛——创业方案大赛','C'),(885,'高校创新创业创造教育精品成果展决赛','D'),(886,'“北斗杯”全国青少年科技创新大赛','D'),(887,'澜湄民族地区社会创业国际大赛','D'),(888,'国际机器人世界杯大赛','D'),(889,'全国机器人锦标赛暨国际仿人机器人奥林匹克大赛','D'),(890,'全国高校软件定义网络（SDN）应用创新开发大赛','D'),(891,'“博创杯”全国大学生嵌入式物联网设计大赛','D'),(892,'全国大学生电子信息实践创新作品竞赛','D'),(893,'菲尼克斯智能技术创新与应用大赛','D'),(894,'“台达杯”国际高校绿色智造大赛','D'),(895,'全国大学生等离子体科技创新竞赛','D'),(896,'CCF大学生计算机系统与程序设计竞赛','D'),(897,'“兴智杯”全国人工智能创新应用大赛','D'),(898,'全国大学生市政环境类创新实践能力大赛“北控水务杯”','D'),(899,'中国大学生高分子材料创新创业大赛','D'),(900,'全国大学生冶金科技竞赛','D'),(901,'全国医药院校药学/中药学大学生创新创业实验教学改革大赛','D'),(902,'全国大学生标准化奥林匹克竞赛','D'),(903,'国际企业管理挑战赛（GMC)','D'),(904,'全国密码技术竞赛','D'),(905,'全国大学生数学竞赛','D'),(906,'全国大学生英语竞赛','D'),(907,'BETT全国商务英语翻译大赛','D'),(908,'全国高校大学生外语水平能力大赛','D'),(909,'全国口译大赛','D'),(910,'全国高校创新英语挑战赛（综合能力赛、词汇赛、阅读赛）','D'),(911,'全国大学生英语翻译大赛','D'),(912,'中国大学生韩语演讲比赛','D'),(913,'全国高校博物馆优秀讲解案例推介大赛','D'),(914,'中国大学生广告艺术节学院奖','D'),(915,'全国大学生大型校园文艺演出','D'),(916,'全国高校DV作品大赛','D'),(917,'CGDA平面设计学院奖','D'),(918,'全国大学生运动会','D'),(919,'少数民族体育运动会','D'),(920,'全国全民健身操舞大赛','D'),(921,'世界跳绳锦标赛','D'),(922,'中国大学生跆拳道（竞技）锦标赛','D'),(923,'全国青少年校园足球联赛','D'),(924,'中国大学生篮球联赛','D'),(925,'中国大学生飞镖联赛','D'),(926,'中国大学生毽球锦标赛','D'),(927,'中国大学生空手道锦标赛','D'),(928,'中国大学生沙滩排球锦标赛','D'),(929,'全国舞龙舞狮锦标赛','D'),(930,'全国导游大赛','D'),(931,'城市水环境与水生态科普创意大赛','D'),(932,'金山办公杯WPS办公软件能力大赛','D'),(933,'“国韵杯”民族器乐艺术展演','D'),(934,'高校声乐论文评选','D'),(935,'孔雀杯全国高等艺术院校声乐展演','D'),(936,'中国大学生羽毛球锦标赛','D'),(937,'全国桨板锦标赛','D'),(938,'青田国际桨板公开赛','D'),(939,'中国桨板超级联赛','D'),(940,'未来之星全国大学生视觉设计作品展览','D'),(941,'KTK设计奖·全球华人设计比赛','D'),(942,'中国国际广告节——黄河奖','D'),(943,'全国高校大学生讲思政课公开课展示活动','D'),(944,'“汇川杯”全国智能自动化创新大赛','D'),(945,'全国大学生电化学测量技术竞赛','D'),(946,'“百子尖杯”全国大学生化工过程数字创新竞赛','D'),(947,'大学生数据要素素质大赛','D'),(948,'全国高校计算机能力挑战赛','D'),(949,'鲲鹏应用创新大赛','D'),(950,'红阳奖中日艺术设计大展','D'),(951,'微康益生菌杯“营养、健康、美味”酸奶DIY大学生创新竞赛','D'),(952,'“生态先锋，绿色挑战”全国大学生环保知识大赛','D'),(953,'全国大学生红色旅游创意策划大赛','D'),(954,'全国高等院校数智人力大赛','D'),(955,'“讲好中国故事”创意传播大赛','D'),(956,'新青年小说大赛','D'),(957,'“亿学杯”全国商务英语实践技能大赛','D'),(958,'“亿学杯”全国大学生英语词汇及综合能力大赛','D'),(959,'“发现杯”全国大学生互联网软件设计大奖赛','D'),(960,'环亚杯中日设计交流展','D'),(961,'全国漆艺邀请赛','D'),(962,'CADA国际概念艺术设计奖','D'),(963,'ITCD AWARD国际潮流文化设计大赛','D'),(964,'新加坡金沙艺术设计大赛','D'),(965,'台湾国际大学生年度艺术奖','D'),(966,'创意中国设计大奖','D'),(967,'国际环保公益设计大赛','D'),(968,'国艺杯两岸三地艺术设计邀请展','D'),(969,'远东艺术奖','D'),(970,'莫斯科国立柴可夫斯基音乐学院国际音乐大赛','D'),(971,'“央音”全国青少年艺术展演','D'),(972,'湖南省“灵声杯”竹笛、箫大赛','D'),(973,'“松庭奖”竹笛邀请赛','D'),(974,'湖北省普通高等学校羽毛球比赛','D'),(975,'湖北省普通高等学校大学生毽球比赛','D'),(976,'湖北省大学生游泳锦标赛','D'),(977,'湖北省大学生健美操艺术体操锦标赛','D'),(978,'湖北省健美操啦啦操锦标赛','D'),(979,'湖北省健身气功竞赛','D'),(980,'“中外传播杯”全国大学生英语翻译/阅读/写作/词汇/语法大赛','D'),(981,'全国行业+英语能力大赛','D'),(982,'“外教社·词达人杯”全国大学生英语词汇能力大赛','D'),(983,'《英语世界》杯全国大学生翻译/阅读/写作/语法/听力/词汇大赛','D'),(984,'全国高校商务翻译（英语）能力挑战赛','D'),(985,'“高教社杯”全国商务英语实践大赛','D'),(986,'全国大学生英语翻译能力竞赛','D'),(987,'全国大学生英语阅读竞赛','D'),(988,'全国大学生SKETCH原创手绘稿设计大赛','D'),(989,'湖北省大学生烘焙创意嘉年华','D'),(990,'“用英语讲中国故事”活动','D'),(991,'“CVTAAC杯”全国大学生英语词汇能力挑战赛','D'),(992,'“高教社杯”大学生“用外语讲好中国故事”优秀短视频作品征集活动','D'),(993,'“外文奖”全国大学生英语词汇大赛','D'),(994,'“读者杯”青少年文学大赛','D'),(995,'“联合国采购杯”全国大学生英语词汇/阅读大赛','D'),(996,'全国高校女子足球邀请赛','D'),(997,'湖北省青少年校园足球联赛','D'),(998,'全国大学生汉语言文字能力大赛','D'),(999,'全国大学生英语能力挑战赛（NCEPC）阅读能力挑战赛','D'),(1000,'全国高校创新英语挑战赛翻译赛','D'),(1001,'“旅投杯”全国大学生海南自贸港旅游产品创新大赛','D'),(1002,'“湖北工匠杯”职业技能大赛','D'),(1003,'“永创杯”全国高校创意设计作品展评','D'),(1004,'中国高等院校设计作品大赛','D'),(1005,'香港当代设计奖','D'),(1006,'丁聪全国漫画插图大展','D'),(1007,'湖北省高等学校大学生体育舞蹈、交谊舞锦标赛','D'),(1008,'武汉市高校艺术节','D'),(1009,'“BETT杯”全国大学生英语写作/语法大赛','D'),(1010,'全国高校商务英语词汇大赛','D'),(1011,'全国外语阅读大赛','D'),(1012,'法国巴黎音乐大赛（武汉赛区）','D'),(1013,'拉赫玛尼诺夫青少年钢琴大赛中国公开赛（武汉赛区）','D'),(1014,'中国顶尖舞者成长计划','D'),(1015,'SIYPC新加坡国际钢琴比赛（湖北赛区）','D'),(1016,'湖北省桨板公开赛','D'),(1017,'长三角体育节桨板比赛','D'),(1018,'湖北省普通高等学校乒乓球比赛','D'),(1019,'“康富来杯”中国传统服饰三维数字复原与创新设计大赛','D'),(1020,'FA国际前沿创新艺术设计大赛（中国赛区）','D'),(1021,'HKDADC香港数字艺术设计大赛','D'),(1022,'全国高校国产软件应用与设计创新大赛','D'),(1023,'“礼赞新时代”——湖北国际潮玩艺术展','D'),(1024,'知翰杯全国大学生现代企业数字化运营实践与创新挑战赛','D'),(1025,'“中国故事大赛 双语中国”全国大学生写作大赛','D'),(1026,'湖北省“我梦见-楚天创客”大赛','D');
/*!40000 ALTER TABLE `competition` ENABLE KEYS */;
UNLOCK TABLES;

--
-- Table structure for table `mentor`
--

DROP TABLE IF EXISTS `mentor`;
/*!40101 SET @saved_cs_client     = @@character_set_client */;
/*!50503 SET character_set_client = utf8mb4 */;
CREATE TABLE `mentor` (
  `mentor_id` int NOT NULL AUTO_INCREMENT COMMENT '导师ID（主键）',
  `mentor_name` varchar(20) NOT NULL COMMENT '导师姓名',
  `department` varchar(50) NOT NULL DEFAULT '' COMMENT '所在学院',
  `mentor_no` varchar(20) NOT NULL COMMENT '导师工号（唯一）',
  PRIMARY KEY (`mentor_id`),
  UNIQUE KEY `uk_mentor_no` (`mentor_no`)
) ENGINE=InnoDB AUTO_INCREMENT=2 DEFAULT CHARSET=utf8mb4 COLLATE=utf8mb4_0900_ai_ci COMMENT='导师信息表';
/*!40101 SET character_set_client = @saved_cs_client */;

--
-- Dumping data for table `mentor`
--

LOCK TABLES `mentor` WRITE;
/*!40000 ALTER TABLE `mentor` DISABLE KEYS */;
INSERT INTO `mentor` VALUES (1,'zz','生物医学工程学院','123456');
/*!40000 ALTER TABLE `mentor` ENABLE KEYS */;
UNLOCK TABLES;

--
-- Table structure for table `student`
--

DROP TABLE IF EXISTS `student`;
/*!40101 SET @saved_cs_client     = @@character_set_client */;
/*!50503 SET character_set_client = utf8mb4 */;
CREATE TABLE `student` (
  `student_id` int NOT NULL AUTO_INCREMENT COMMENT '学生ID（主键）',
  `student_number` varchar(20) NOT NULL COMMENT '学生学号',
  `student_name` varchar(20) NOT NULL COMMENT '学生姓名',
  `grade` varchar(10) NOT NULL COMMENT '年级',
  `major` varchar(30) NOT NULL COMMENT '专业',
  `class_name` varchar(30) NOT NULL DEFAULT '' COMMENT '班级',
  `college` varchar(50) DEFAULT NULL COMMENT '所在学院',
  PRIMARY KEY (`student_id`)
) ENGINE=InnoDB AUTO_INCREMENT=1260 DEFAULT CHARSET=utf8mb4 COLLATE=utf8mb4_0900_ai_ci COMMENT='学生信息表';
/*!40101 SET character_set_client = @saved_cs_client */;

--
-- Dumping data for table `student`
--

LOCK TABLES `student` WRITE;
/*!40000 ALTER TABLE `student` DISABLE KEYS */;
INSERT INTO `student` VALUES (1,'202021121221','张婷','22级','生物医学工程','生医2002班','生物医学工程学院'),(2,'202121121073','曹帅琦','23级','医学信息工程','医学信息2303班','生物医学工程学院'),(3,'202121121181','谭龙','22级','医学信息工程','医学信息2202班','生物医学工程学院'),(4,'202121121218','张洛','22级','医学信息工程','医学信息2201班','生物医学工程学院'),(5,'202121121220','刘昱潇','22级','医学信息工程','医学信息2202班','生物医学工程学院'),(6,'202121121273','王大锋','22级','生物医学工程','生医2201班','生物医学工程学院'),(7,'202121121290','格桑旺姆','22级','医学信息工程','医学信息2202班','生物医学工程学院'),(8,'202121131023','田逸静','22级','医学信息工程','医学信息2202班','生物医学工程学院'),(9,'202221022045','刘嘉颖','22级','生物医学工程','生医2201班','生物医学工程学院'),(10,'202221022224','徐银银','22级','生物医学工程','生医2203班','生物医学工程学院'),(11,'202221073039','刘果怡','22级','生物医学工程','生医2201班','生物医学工程学院'),(12,'202221081009','陶子健','22级','医学信息工程','医学信息2202班','生物医学工程学院'),(13,'202221081106','黄伟俊','22级','生物医学工程','智能医学工程卓越工程师2201班','生物医学工程学院'),(14,'202221092030','周宇柯','22级','生物医学工程','智能医学工程卓越工程师2201班','生物医学工程学院'),(15,'202221121001','刘鸿硕','23级','生物医学工程','生医2301班','生物医学工程学院'),(16,'202221121002','冯智灵','22级','生物医学工程','生医2201班','生物医学工程学院'),(17,'202221121003','张嘉婕','22级','生物医学工程','生医2201班','生物医学工程学院'),(18,'202221121004','马远航','22级','生物医学工程','生医2201班','生物医学工程学院'),(19,'202221121005','张越洋','22级','生物医学工程','生医2201班','生物医学工程学院'),(20,'202221121006','雷可欣','22级','生物医学工程','智能医学工程卓越工程师2201班','生物医学工程学院'),(21,'202221121007','戴至柔','22级','生物医学工程','智能医学工程卓越工程师2201班','生物医学工程学院'),(22,'202221121009','袁晓颖','22级','生物医学工程','生医2201班','生物医学工程学院'),(23,'202221121010','向欣彤','22级','生物医学工程','生医2201班','生物医学工程学院'),(24,'202221121011','王嘉馨','22级','生物医学工程','生医2201班','生物医学工程学院'),(25,'202221121012','黄木','22级','生物医学工程','生医2201班','生物医学工程学院'),(26,'202221121013','赵雅琳','22级','医学信息工程','医学信息2201班','生物医学工程学院'),(27,'202221121014','毕一天','22级','生物医学工程','生医2201班','生物医学工程学院'),(28,'202221121015','袁雅洁','22级','生物医学工程','生医2201班','生物医学工程学院'),(29,'202221121016','李晓玉','22级','生物医学工程','生医2201班','生物医学工程学院'),(30,'202221121017','杨文博','22级','生物医学工程','生医2201班','生物医学工程学院'),(31,'202221121018','杨睿哲','22级','生物医学工程','生医2201班','生物医学工程学院'),(32,'202221121019','刘三琳','22级','生物医学工程','生医2201班','生物医学工程学院'),(33,'202221121020','叶沁雅','22级','生物医学工程','生医2201班','生物医学工程学院'),(34,'202221121021','彭桦','22级','生物医学工程','生医2201班','生物医学工程学院'),(35,'202221121022','崔玉麒','22级','生物医学工程','生医2201班','生物医学工程学院'),(36,'202221121023','雷璧嘉','22级','生物医学工程','生医2201班','生物医学工程学院'),(37,'202221121024','海杨蓉','22级','生物医学工程','生医2201班','生物医学工程学院'),(38,'202221121025','黎淞菱','22级','生物医学工程','生医2201班','生物医学工程学院'),(39,'202221121026','黄思怡','22级','生物医学工程','生医2201班','生物医学工程学院'),(40,'202221121027','农玉兰','22级','生物医学工程','生医2201班','生物医学工程学院'),(41,'202221121028','邵先华','22级','生物医学工程','生医2201班','生物医学工程学院'),(42,'202221121029','郭笑言','22级','生物医学工程','生医2201班','生物医学工程学院'),(43,'202221121030','周洋','22级','医学信息工程','医学信息2201班','生物医学工程学院'),(44,'202221121031','卓玛拉姆','22级','生物医学工程','生医2201班','生物医学工程学院'),(45,'202221121032','陈宇超','22级','生物医学工程','生医2201班','生物医学工程学院'),(46,'202221121033','李岩','22级','生物医学工程','智能医学工程卓越工程师2201班','生物医学工程学院'),(47,'202221121034','王子轩','22级','生物医学工程','智能医学工程卓越工程师2201班','生物医学工程学院'),(48,'202221121035','万佳乐','22级','生物医学工程','智能医学工程卓越工程师2201班','生物医学工程学院'),(49,'202221121036','何家晨','22级','生物医学工程','智能医学工程卓越工程师2201班','生物医学工程学院'),(50,'202221121037','杨冰清','22级','生物医学工程','智能医学工程卓越工程师2201班','生物医学工程学院'),(51,'202221121038','熊仙剑','22级','生物医学工程','生医2201班','生物医学工程学院'),(52,'202221121039','刘舒琪','22级','生物医学工程','智能医学工程卓越工程师2201班','生物医学工程学院'),(53,'202221121040','李馨竹','22级','生物医学工程','生医2201班','生物医学工程学院'),(54,'202221121041','黄佳','22级','生物医学工程','智能医学工程卓越工程师2201班','生物医学工程学院'),(55,'202221121042','者皓','22级','生物医学工程','生医2201班','生物医学工程学院'),(56,'202221121043','尼哈塔','22级','生物医学工程','生医2201班','生物医学工程学院'),(57,'202221121044','程韬','22级','医学信息工程','医学信息2201班','生物医学工程学院'),(58,'202221121045','王芸','22级','生物医学工程','生医2202班','生物医学工程学院'),(59,'202221121046','黄山','22级','生物医学工程','生医2202班','生物医学工程学院'),(60,'202221121047','陈佳','22级','生物医学工程','生医2202班','生物医学工程学院'),(61,'202221121048','黄佳仪','22级','生物医学工程','生医2202班','生物医学工程学院'),(62,'202221121049','黄玉楠','23级','生物医学工程','生医2303班','生物医学工程学院'),(63,'202221121050','杨凯乐','22级','生物医学工程','生医2202班','生物医学工程学院'),(64,'202221121051','王震泽','22级','生物医学工程','生医2202班','生物医学工程学院'),(65,'202221121052','黄家敏','22级','生物医学工程','智能医学工程卓越工程师2201班','生物医学工程学院'),(66,'202221121053','谢春燕','22级','生物医学工程','智能医学工程卓越工程师2201班','生物医学工程学院'),(67,'202221121055','金磊','22级','生物医学工程','生医2202班','生物医学工程学院'),(68,'202221121056','巨敬云','22级','生物医学工程','生医2202班','生物医学工程学院'),(69,'202221121057','唐心怡','22级','医学信息工程','医学信息2201班','生物医学工程学院'),(70,'202221121058','何金玫','22级','生物医学工程','智能医学工程卓越工程师2201班','生物医学工程学院'),(71,'202221121059','罗丽娜','22级','生物医学工程','生医2202班','生物医学工程学院'),(72,'202221121060','茶珺蕊','22级','生物医学工程','生医2202班','生物医学工程学院'),(73,'202221121061','何静雯','22级','生物医学工程','生医2202班','生物医学工程学院'),(74,'202221121062','才雨田','22级','生物医学工程','生医2202班','生物医学工程学院'),(75,'202221121063','孟子祎','22级','生物医学工程','生医2202班','生物医学工程学院'),(76,'202221121064','张炫','22级','生物医学工程','生医2202班','生物医学工程学院'),(77,'202221121065','刘琪','22级','生物医学工程','生医2202班','生物医学工程学院'),(78,'202221121066','王勃','22级','生物医学工程','生医2202班','生物医学工程学院'),(79,'202221121067','钱文源','22级','生物医学工程','智能医学工程卓越工程师2201班','生物医学工程学院'),(80,'202221121068','刘景博','22级','生物医学工程','智能医学工程卓越工程师2201班','生物医学工程学院'),(81,'202221121069','马丽','22级','生物医学工程','智能医学工程卓越工程师2201班','生物医学工程学院'),(82,'202221121070','颜珺琪','22级','生物医学工程','智能医学工程卓越工程师2201班','生物医学工程学院'),(83,'202221121071','黎家铭','22级','生物医学工程','智能医学工程卓越工程师2201班','生物医学工程学院'),(84,'202221121072','谢雨津','22级','医学信息工程','医学信息2201班','生物医学工程学院'),(85,'202221121073','谭凯','22级','生物医学工程','生医2202班','生物医学工程学院'),(86,'202221121074','马正梅','22级','医学信息工程','医学信息2201班','生物医学工程学院'),(87,'202221121075','全宇','22级','生物医学工程','生医2202班','生物医学工程学院'),(88,'202221121076','赵梦瑶','22级','生物医学工程','智能医学工程卓越工程师2201班','生物医学工程学院'),(89,'202221121078','谢逸洁','22级','生物医学工程','生医2202班','生物医学工程学院'),(90,'202221121079','张晓霜','22级','生物医学工程','生医2202班','生物医学工程学院'),(91,'202221121081','蒙秋杏','22级','生物医学工程','生医2202班','生物医学工程学院'),(92,'202221121082','肖一娴','22级','医学信息工程','医学信息2201班','生物医学工程学院'),(93,'202221121083','司铭淇','22级','生物医学工程','智能医学工程卓越工程师2201班','生物医学工程学院'),(94,'202221121084','魏正麟','22级','生物医学工程','生医2203班','生物医学工程学院'),(95,'202221121085','邱以瀚','22级','生物医学工程','生医2202班','生物医学工程学院'),(96,'202221121086','韦贤','22级','生物医学工程','生医2202班','生物医学工程学院'),(97,'202221121087','王雅玲','22级','生物医学工程','生医2202班','生物医学工程学院'),(98,'202221121088','陈海燕','22级','医学信息工程','医学信息2201班','生物医学工程学院'),(99,'202221121089','蒋安华','22级','生物医学工程','生医2202班','生物医学工程学院'),(100,'202221121090','向阳','22级','医学信息工程','医学信息2201班','生物医学工程学院'),(101,'202221121091','陈雪琪','22级','医学信息工程','医学信息2201班','生物医学工程学院'),(102,'202221121093','管新美','22级','生物医学工程','生医2202班','生物医学工程学院'),(103,'202221121094','王语菲','22级','医学信息工程','医学信息2201班','生物医学工程学院'),(104,'202221121095','肖阳','22级','生物医学工程','生医2202班','生物医学工程学院'),(105,'202221121096','易欣玥','22级','医学信息工程','医学信息2201班','生物医学工程学院'),(106,'202221121097','张澍','22级','生物医学工程','生医2202班','生物医学工程学院'),(107,'202221121098','孙宇','22级','生物医学工程','生医2202班','生物医学工程学院'),(108,'202221121099','于少阳','23级','生物医学工程','生医2302班','生物医学工程学院'),(109,'202221121100','赖优','22级','生物医学工程','生医2202班','生物医学工程学院'),(110,'202221121101','曾思翔','22级','生物医学工程','智能医学工程卓越工程师2201班','生物医学工程学院'),(111,'202221121102','周宇轩','23级','生物医学工程','生医2302班','生物医学工程学院'),(112,'202221121103','卢璐','22级','医学信息工程','医学信息2201班','生物医学工程学院'),(113,'202221121104','王兴达','22级','生物医学工程','生医2202班','生物医学工程学院'),(114,'202221121105','鲁思雅','22级','生物医学工程','生医2202班','生物医学工程学院'),(115,'202221121106','崔云娇','22级','生物医学工程','生医2202班','生物医学工程学院'),(116,'202221121107','付文暄','22级','医学信息工程','医学信息2201班','生物医学工程学院'),(117,'202221121108','吴昀洁','22级','医学信息工程','医学信息2201班','生物医学工程学院'),(118,'202221121109','孟翔','22级','生物医学工程','智能医学工程卓越工程师2201班','生物医学工程学院'),(119,'202221121110','陈欣悦','22级','医学信息工程','医学信息2201班','生物医学工程学院'),(120,'202221121111','蒋浩扬','22级','医学信息工程','医学信息2201班','生物医学工程学院'),(121,'202221121112','黄燕','22级','生物医学工程','生医2202班','生物医学工程学院'),(122,'202221121113','周晶','22级','医学信息工程','医学信息2201班','生物医学工程学院'),(123,'202221121114','董昌臣','22级','医学信息工程','医学信息2201班','生物医学工程学院'),(124,'202221121115','王宇霜','22级','医学信息工程','医学信息2201班','生物医学工程学院'),(125,'202221121116','王丽敏','22级','生物医学工程','生医2203班','生物医学工程学院'),(126,'202221121117','覃焕杰','22级','生物医学工程','生医2203班','生物医学工程学院'),(127,'202221121118','马婷','22级','生物医学工程','生医2203班','生物医学工程学院'),(128,'202221121119','吴澂','22级','生物医学工程','生医2203班','生物医学工程学院'),(129,'202221121120','牟倩利','22级','生物医学工程','生医2203班','生物医学工程学院'),(130,'202221121121','苟先宇','22级','医学信息工程','医学信息2202班','生物医学工程学院'),(131,'202221121122','匡林玲','22级','生物医学工程','生医2203班','生物医学工程学院'),(132,'202221121123','黎巧虹','22级','生物医学工程','生医2203班','生物医学工程学院'),(133,'202221121124','韩昀伯','22级','生物医学工程','生医2203班','生物医学工程学院'),(134,'202221121125','郭松柏','23级','医学信息工程','医学信息2301班','生物医学工程学院'),(135,'202221121126','冉儒泉','22级','生物医学工程','生医2203班','生物医学工程学院'),(136,'202221121127','苏俊文','22级','医学信息工程','医学信息2201班','生物医学工程学院'),(137,'202221121128','杨莲','22级','生物医学工程','生医2203班','生物医学工程学院'),(138,'202221121129','郭远','22级','医学信息工程','医学信息2201班','生物医学工程学院'),(139,'202221121130','金沅昕','22级','医学信息工程','医学信息2201班','生物医学工程学院'),(140,'202221121131','张凯齐','22级','生物医学工程','生医2203班','生物医学工程学院'),(141,'202221121132','金晓妍','22级','生物医学工程','智能医学工程卓越工程师2201班','生物医学工程学院'),(142,'202221121133','朱嘉琪','22级','生物医学工程','智能医学工程卓越工程师2201班','生物医学工程学院'),(143,'202221121134','石方曦','23级','生物医学工程','生医2301班','生物医学工程学院'),(144,'202221121135','刘锦涛','22级','生物医学工程','生医2203班','生物医学工程学院'),(145,'202221121136','杨巧雨','22级','医学信息工程','医学信息2201班','生物医学工程学院'),(146,'202221121137','苏雪','22级','医学信息工程','医学信息2201班','生物医学工程学院'),(147,'202221121138','杨晶','22级','生物医学工程','生医2203班','生物医学工程学院'),(148,'202221121139','肖悦','22级','生物医学工程','生医2203班','生物医学工程学院'),(149,'202221121140','王梓涵','22级','医学信息工程','医学信息2202班','生物医学工程学院'),(150,'202221121141','王卓','22级','生物医学工程','生医2203班','生物医学工程学院'),(151,'202221121142','万入齐','22级','医学信息工程','医学信息2201班','生物医学工程学院'),(152,'202221121143','丁刘嘉','22级','医学信息工程','医学信息2201班','生物医学工程学院'),(153,'202221121144','李杨宁钰','22级','医学信息工程','医学信息2201班','生物医学工程学院'),(154,'202221121145','盛行乐','22级','生物医学工程','生医2203班','生物医学工程学院'),(155,'202221121146','赵梓伶','22级','生物医学工程','生医2203班','生物医学工程学院'),(156,'202221121147','余苹','22级','生物医学工程','生医2203班','生物医学工程学院'),(157,'202221121149','徐旖彤','22级','生物医学工程','生医2203班','生物医学工程学院'),(158,'202221121150','马贤','22级','医学信息工程','医学信息2201班','生物医学工程学院'),(159,'202221121151','强薇','22级','生物医学工程','生医2203班','生物医学工程学院'),(160,'202221121152','杨子怡','22级','医学信息工程','医学信息2201班','生物医学工程学院'),(161,'202221121153','龙双阳','22级','生物医学工程','生医2203班','生物医学工程学院'),(162,'202221121154','崔璨','22级','医学信息工程','医学信息2201班','生物医学工程学院'),(163,'202221121155','陈宇翔','22级','生物医学工程','智能医学工程卓越工程师2201班','生物医学工程学院'),(164,'202221121156','王渝','22级','生物医学工程','生医2203班','生物医学工程学院'),(165,'202221121157','冉涛','22级','生物医学工程','生医2203班','生物医学工程学院'),(166,'202221121158','李唯唯','22级','医学信息工程','医学信息2201班','生物医学工程学院'),(167,'202221121159','谭永康','22级','生物医学工程','智能医学工程卓越工程师2201班','生物医学工程学院'),(168,'202221121160','阿莲清','22级','生物医学工程','生医2203班','生物医学工程学院'),(169,'202221121161','何玉妮','22级','生物医学工程','生医2203班','生物医学工程学院'),(170,'202221121162','高悉闻','22级','生物医学工程','生医2203班','生物医学工程学院'),(171,'202221121163','李灏','22级','生物医学工程','生医2203班','生物医学工程学院'),(172,'202221121164','周沁茹','22级','医学信息工程','医学信息2201班','生物医学工程学院'),(173,'202221121165','王明洋','22级','生物医学工程','生医2203班','生物医学工程学院'),(174,'202221121166','童高阳','22级','生物医学工程','生医2203班','生物医学工程学院'),(175,'202221121167','王志康','22级','医学信息工程','医学信息2201班','生物医学工程学院'),(176,'202221121168','曹峻梓','22级','生物医学工程','生医2203班','生物医学工程学院'),(177,'202221121169','黄娟','22级','医学信息工程','医学信息2201班','生物医学工程学院'),(178,'202221121170','杨婷婷','22级','生物医学工程','生医2203班','生物医学工程学院'),(179,'202221121171','张华亚','22级','医学信息工程','医学信息2201班','生物医学工程学院'),(180,'202221121173','王胜阳','22级','生物医学工程','生医2203班','生物医学工程学院'),(181,'202221121174','蒲慧','22级','医学信息工程','医学信息2202班','生物医学工程学院'),(182,'202221121175','陕钱钱','22级','生物医学工程','生医2204班','生物医学工程学院'),(183,'202221121176','苏紫微','22级','医学信息工程','医学信息2202班','生物医学工程学院'),(184,'202221121177','杨政锐','22级','医学信息工程','医学信息2202班','生物医学工程学院'),(185,'202221121178','廖帆','22级','医学信息工程','医学信息2202班','生物医学工程学院'),(186,'202221121179','周子盈','22级','医学信息工程','医学信息2202班','生物医学工程学院'),(187,'202221121180','苏雨宁','22级','生物医学工程','生医2204班','生物医学工程学院'),(188,'202221121181','敬学芳','22级','生物医学工程','生医2204班','生物医学工程学院'),(189,'202221121182','马虎燕','22级','生物医学工程','生医2204班','生物医学工程学院'),(190,'202221121183','罗彦铭','22级','医学信息工程','医学信息2202班','生物医学工程学院'),(191,'202221121184','彭玉姣','22级','生物医学工程','生医2204班','生物医学工程学院'),(192,'202221121185','冯吉利','23级','医学信息工程','医学信息2301班','生物医学工程学院'),(193,'202221121186','蔡佳莹','22级','医学信息工程','医学信息2202班','生物医学工程学院'),(194,'202221121187','王成','22级','医学信息工程','医学信息2202班','生物医学工程学院'),(195,'202221121188','桂腾江','22级','生物医学工程','生医2204班','生物医学工程学院'),(196,'202221121189','朴智强','22级','生物医学工程','生医2204班','生物医学工程学院'),(197,'202221121190','彭海洋','22级','医学信息工程','医学信息2202班','生物医学工程学院'),(198,'202221121191','陈韵夙','22级','生物医学工程','生医2204班','生物医学工程学院'),(199,'202221121192','牟淼','22级','生物医学工程','生医2204班','生物医学工程学院'),(200,'202221121193','张艺潆','22级','生物医学工程','生医2204班','生物医学工程学院'),(201,'202221121194','李峰槿','22级','医学信息工程','医学信息2201班','生物医学工程学院'),(202,'202221121195','俞安娜','22级','生物医学工程','智能医学工程卓越工程师2201班','生物医学工程学院'),(203,'202221121196','夏权','22级','医学信息工程','医学信息2202班','生物医学工程学院'),(204,'202221121197','李嘉玉','22级','生物医学工程','智能医学工程卓越工程师2201班','生物医学工程学院'),(205,'202221121198','彭公博','22级','医学信息工程','医学信息2202班','生物医学工程学院'),(206,'202221121200','李明阳','22级','生物医学工程','智能医学工程卓越工程师2201班','生物医学工程学院'),(207,'202221121201','魏文芬','22级','生物医学工程','生医2204班','生物医学工程学院'),(208,'202221121202','冯钤','22级','医学信息工程','医学信息2202班','生物医学工程学院'),(209,'202221121203','唐涌斌','22级','生物医学工程','生医2204班','生物医学工程学院'),(210,'202221121204','袁国瑾','22级','医学信息工程','医学信息2202班','生物医学工程学院'),(211,'202221121205','龚岩','22级','生物医学工程','智能医学工程卓越工程师2201班','生物医学工程学院'),(212,'202221121206','夏昌','22级','生物医学工程','生医2204班','生物医学工程学院'),(213,'202221121207','郑雨昕','22级','生物医学工程','生医2204班','生物医学工程学院'),(214,'202221121208','张用明','22级','生物医学工程','智能医学工程卓越工程师2201班','生物医学工程学院'),(215,'202221121209','张贻涛','22级','生物医学工程','生医2204班','生物医学工程学院'),(216,'202221121211','夏金图克','22级','生物医学工程','生医2202班','生物医学工程学院'),(217,'202221121212','吴玉蓉','22级','生物医学工程','智能医学工程卓越工程师2201班','生物医学工程学院'),(218,'202221121213','奉清妹','22级','医学信息工程','医学信息2202班','生物医学工程学院'),(219,'202221121214','牟维茜','22级','医学信息工程','医学信息2202班','生物医学工程学院'),(220,'202221121215','阳杭','22级','生物医学工程','生医2204班','生物医学工程学院'),(221,'202221121216','田由申','22级','生物医学工程','智能医学工程卓越工程师2201班','生物医学工程学院'),(222,'202221121217','韩国电','22级','生物医学工程','生医2204班','生物医学工程学院'),(223,'202221121218','高紫英','22级','医学信息工程','医学信息2202班','生物医学工程学院'),(224,'202221121219','罗永松','22级','生物医学工程','生医2204班','生物医学工程学院'),(225,'202221121220','瓦年机','22级','医学信息工程','医学信息2202班','生物医学工程学院'),(226,'202221121221','张楚浛','22级','医学信息工程','医学信息2202班','生物医学工程学院'),(227,'202221121222','李雲风','22级','生物医学工程','生医2204班','生物医学工程学院'),(228,'202221121223','周开润','22级','生物医学工程','生医2204班','生物医学工程学院'),(229,'202221121224','李永辉','22级','生物医学工程','生医2204班','生物医学工程学院'),(230,'202221121225','刘芯羽','22级','生物医学工程','生医2204班','生物医学工程学院'),(231,'202221121226','朱再岳','22级','生物医学工程','生医2204班','生物医学工程学院'),(232,'202221121227','武宇星','22级','生物医学工程','生医2204班','生物医学工程学院'),(233,'202221121228','刘志','22级','生物医学工程','生医2204班','生物医学工程学院'),(234,'202221121229','李子禾','22级','生物医学工程','生医2204班','生物医学工程学院'),(235,'202221121230','郭爽明','22级','生物医学工程','智能医学工程卓越工程师2201班','生物医学工程学院'),(236,'202221121231','张晶','22级','生物医学工程','生医2204班','生物医学工程学院'),(237,'202221121232','杨皓天','22级','医学信息工程','医学信息2202班','生物医学工程学院'),(238,'202221121233','屠宇航','22级','医学信息工程','医学信息2202班','生物医学工程学院'),(239,'202221121234','陈学毓','22级','医学信息工程','医学信息2201班','生物医学工程学院'),(240,'202221121235','苑城玮','22级','生物医学工程','生医2204班','生物医学工程学院'),(241,'202221121236','王淏永','22级','医学信息工程','医学信息2202班','生物医学工程学院'),(242,'202221121237','田翊琳','22级','医学信息工程','医学信息2202班','生物医学工程学院'),(243,'202221121238','刘明婷','22级','生物医学工程','智能医学工程卓越工程师2201班','生物医学工程学院'),(244,'202221121239','张清琳','22级','生物医学工程','生医2204班','生物医学工程学院'),(245,'202221121240','李治林','22级','生物医学工程','生医2204班','生物医学工程学院'),(246,'202221121241','冯淑贤','22级','医学信息工程','医学信息2202班','生物医学工程学院'),(247,'202221121242','周臣','22级','医学信息工程','医学信息2202班','生物医学工程学院'),(248,'202221121243','曾瑞贤','22级','生物医学工程','智能医学工程卓越工程师2201班','生物医学工程学院'),(249,'202221121244','方向','22级','生物医学工程','生医2204班','生物医学工程学院'),(250,'202221121245','母广武','22级','医学信息工程','医学信息2202班','生物医学工程学院'),(251,'202221121246','孙义姗','22级','医学信息工程','医学信息2202班','生物医学工程学院'),(252,'202221121247','覃济海','22级','医学信息工程','医学信息2202班','生物医学工程学院'),(253,'202221121248','黄国云','22级','医学信息工程','医学信息2202班','生物医学工程学院'),(254,'202221121250','覃煜婷','22级','医学信息工程','医学信息2202班','生物医学工程学院'),(255,'202221121251','冯小碟','22级','医学信息工程','医学信息2202班','生物医学工程学院'),(256,'202221121252','龙晴','22级','医学信息工程','医学信息2202班','生物医学工程学院'),(257,'202221121253','黄彦智','22级','医学信息工程','医学信息2202班','生物医学工程学院'),(258,'202221121254','吴知非','22级','生物医学工程','生医2204班','生物医学工程学院'),(259,'202221121255','孔萍','22级','医学信息工程','医学信息2202班','生物医学工程学院'),(260,'202221121256','游文生','22级','医学信息工程','医学信息2202班','生物医学工程学院'),(261,'202221141173','曹书妍','22级','生物医学工程','智能医学工程卓越工程师2201班','生物医学工程学院'),(262,'202221151118','郑鸿泰','22级','生物医学工程','生医2204班','生物医学工程学院'),(263,'202221151294','盛家狄','22级','生物医学工程','生医2201班','生物医学工程学院'),(264,'202221241011','邓镁霖','22级','生物医学工程','智能医学工程卓越工程师2201班','生物医学工程学院'),(265,'202221241067','赵明斐','22级','生物医学工程','生医2201班','生物医学工程学院'),(266,'202221241091','于佳贝森','22级','生物医学工程','生医2203班','生物医学工程学院'),(267,'202221241167','李欣怡','22级','生物医学工程','生医2201班','生物医学工程学院'),(268,'202221241193','李茂蕾','22级','医学信息工程','医学信息2201班','生物医学工程学院'),(269,'202221241211','张艺馨','22级','生物医学工程','生医2204班','生物医学工程学院'),(270,'202221241230','李军扬','22级','生物医学工程','生医2204班','生物医学工程学院'),(271,'202221241255','蔡家伟','22级','生物医学工程','生医2201班','生物医学工程学院'),(272,'202221241265','罗炎琳','22级','生物医学工程','生医2202班','生物医学工程学院'),(273,'202321031008','严凤奇','23级','医学信息工程','医学信息2303班','生物医学工程学院'),(274,'202321031022','陶佳文','23级','医学信息工程','医学信息2303班','生物医学工程学院'),(275,'202321031027','黄秋雅','23级','生物医学工程','生医2301班','生物医学工程学院'),(276,'202321031028','潘良杰','23级','医学信息工程','医学信息2303班','生物医学工程学院'),(277,'202321041075','韦知行','23级','生物医学工程','生医2301班','生物医学工程学院'),(278,'202321041119','冯华利','23级','医学信息工程','医学信息2302班','生物医学工程学院'),(279,'202321041126','谢艳蓉','23级','医学信息工程','医学信息2301班','生物医学工程学院'),(280,'202321041128','刘香兰','23级','医学信息工程','医学信息2301班','生物医学工程学院'),(281,'202321043006','郝昱达','23级','医学信息工程','医学信息2301班','生物医学工程学院'),(282,'202321051005','贾玥彤','23级','生物医学工程','生医2301班','生物医学工程学院'),(283,'202321052104','王崇','23级','医学信息工程','医学信息2302班','生物医学工程学院'),(284,'202321081076','向少龙','23级','医学信息工程','医学信息2302班','生物医学工程学院'),(285,'202321081143','肖双凤','23级','生物医学工程','生医2301班','生物医学工程学院'),(286,'202321121001','王译伟','23级','生物医学工程','生医2301班','生物医学工程学院'),(287,'202321121002','翟怀发','23级','生物医学工程','生医2301班','生物医学工程学院'),(288,'202321121003','田政一','23级','医学信息工程','医学信息2303班','生物医学工程学院'),(289,'202321121004','罗雅琪','23级','医学信息工程','医学信息2302班','生物医学工程学院'),(290,'202321121005','刘桐','23级','医学信息工程','医学信息2302班','生物医学工程学院'),(291,'202321121006','陈雪','23级','生物医学工程','智能医学工程卓越工程师2301班','生物医学工程学院'),(292,'202321121007','阿木古楞','23级','生物医学工程','生医2301班','生物医学工程学院'),(293,'202321121008','朱恩泽','23级','生物医学工程','生医2301班','生物医学工程学院'),(294,'202321121009','张印涛','23级','生物医学工程','生医2301班','生物医学工程学院'),(295,'202321121010','熊楚豪','23级','生物医学工程','生医2303班','生物医学工程学院'),(296,'202321121011','覃湘','23级','生物医学工程','生医2301班','生物医学工程学院'),(297,'202321121012','苏力德','23级','医学信息工程','医学信息2302班','生物医学工程学院'),(298,'202321121013','孟昱梓','23级','生物医学工程','生医2303班','生物医学工程学院'),(299,'202321121014','许政','23级','生物医学工程','生医2303班','生物医学工程学院'),(300,'202321121015','裘草露','23级','生物医学工程','智能医学工程卓越工程师2301班','生物医学工程学院'),(301,'202321121016','王灵芝','23级','生物医学工程','生医2301班','生物医学工程学院'),(302,'202321121017','马峥','23级','生物医学工程','生医2303班','生物医学工程学院'),(303,'202321121019','孟星','23级','生物医学工程','生医2301班','生物医学工程学院'),(304,'202321121020','李珂','23级','生物医学工程','智能医学工程卓越工程师2301班','生物医学工程学院'),(305,'202321121021','罗佳钰','23级','生物医学工程','生医2303班','生物医学工程学院'),(306,'202321121022','夏星宇','23级','生物医学工程','生医2301班','生物医学工程学院'),(307,'202321121023','覃镜优','23级','生物医学工程','生医2301班','生物医学工程学院'),(308,'202321121024','郑羽','23级','生物医学工程','生医2301班','生物医学工程学院'),(309,'202321121025','何昱良','23级','生物医学工程','智能医学工程卓越工程师2301班','生物医学工程学院'),(310,'202321121026','甘骈臻','23级','医学信息工程','医学信息2302班','生物医学工程学院'),(311,'202321121027','郭立毅','23级','生物医学工程','智能医学工程卓越工程师2301班','生物医学工程学院'),(312,'202321121028','魏冉苒','23级','生物医学工程','生医2301班','生物医学工程学院'),(313,'202321121029','董诗洁','23级','生物医学工程','生医2301班','生物医学工程学院'),(314,'202321121030','张之楷','23级','生物医学工程','生医2303班','生物医学工程学院'),(315,'202321121031','盘文兰','23级','医学信息工程','医学信息2301班','生物医学工程学院'),(316,'202321121032','陈亚文','23级','生物医学工程','智能医学工程卓越工程师2301班','生物医学工程学院'),(317,'202321121033','刘宇天','23级','生物医学工程','生医2301班','生物医学工程学院'),(318,'202321121034','周洲','23级','生物医学工程','智能医学工程卓越工程师2301班','生物医学工程学院'),(319,'202321121035','邱佳豪','23级','医学信息工程','医学信息2301班','生物医学工程学院'),(320,'202321121036','吴峥','23级','医学信息工程','医学信息2301班','生物医学工程学院'),(321,'202321121037','袁雅琦','23级','生物医学工程','智能医学工程卓越工程师2301班','生物医学工程学院'),(322,'202321121038','陈波','23级','医学信息工程','医学信息2301班','生物医学工程学院'),(323,'202321121039','郭琪美','23级','医学信息工程','医学信息2301班','生物医学工程学院'),(324,'202321121040','江子杰','23级','生物医学工程','智能医学工程卓越工程师2301班','生物医学工程学院'),(325,'202321121041','戴依慧','23级','生物医学工程','智能医学工程卓越工程师2301班','生物医学工程学院'),(326,'202321121042','周子炜','23级','医学信息工程','医学信息2301班','生物医学工程学院'),(327,'202321121044','张文卓','23级','生物医学工程','智能医学工程卓越工程师2301班','生物医学工程学院'),(328,'202321121045','田树燊','23级','生物医学工程','生医2301班','生物医学工程学院'),(329,'202321121046','李柃蕙','23级','生物医学工程','智能医学工程卓越工程师2301班','生物医学工程学院'),(330,'202321121047','郭嘉丽','23级','医学信息工程','医学信息2301班','生物医学工程学院'),(331,'202321121048','顾文豪','23级','生物医学工程','生医2301班','生物医学工程学院'),(332,'202321121049','潘慧美','23级','生物医学工程','智能医学工程卓越工程师2301班','生物医学工程学院'),(333,'202321121050','郑鑫','23级','医学信息工程','医学信息2301班','生物医学工程学院'),(334,'202321121051','高敬艺','23级','生物医学工程','生医2303班','生物医学工程学院'),(335,'202321121052','龚子涵','23级','生物医学工程','生医2301班','生物医学工程学院'),(336,'202321121053','邹静怡','23级','生物医学工程','智能医学工程卓越工程师2301班','生物医学工程学院'),(337,'202321121054','刘俊鑫','23级','医学信息工程','医学信息2301班','生物医学工程学院'),(338,'202321121055','覃慧琳','23级','生物医学工程','生医2301班','生物医学工程学院'),(339,'202321121056','钟冰冰','23级','医学信息工程','医学信息2301班','生物医学工程学院'),(340,'202321121057','黄学文','23级','医学信息工程','医学信息2301班','生物医学工程学院'),(341,'202321121058','潘洁','23级','医学信息工程','医学信息2301班','生物医学工程学院'),(342,'202321121059','唐小汝','23级','医学信息工程','医学信息2301班','生物医学工程学院'),(343,'202321121060','贾子饶','23级','生物医学工程','生医2301班','生物医学工程学院'),(344,'202321121061','杨佳乐','23级','医学信息工程','医学信息2301班','生物医学工程学院'),(345,'202321121062','彭勃文','23级','生物医学工程','智能医学工程卓越工程师2301班','生物医学工程学院'),(346,'202321121063','文玉婷','23级','生物医学工程','生医2303班','生物医学工程学院'),(347,'202321121064','邱敏','23级','医学信息工程','医学信息2301班','生物医学工程学院'),(348,'202321121065','黎彩霞','23级','生物医学工程','智能医学工程卓越工程师2301班','生物医学工程学院'),(349,'202321121066','周郡宇','23级','生物医学工程','智能医学工程卓越工程师2301班','生物医学工程学院'),(350,'202321121067','方丽吹','23级','医学信息工程','医学信息2301班','生物医学工程学院'),(351,'202321121068','江旭','23级','生物医学工程','生医2301班','生物医学工程学院'),(352,'202321121069','杨欣睿','23级','生物医学工程','生医2303班','生物医学工程学院'),(353,'202321121070','高冕志','23级','生物医学工程','生医2301班','生物医学工程学院'),(354,'202321121071','周景丰','23级','生物医学工程','智能医学工程卓越工程师2301班','生物医学工程学院'),(355,'202321121072','蔡梁溢','23级','医学信息工程','医学信息2301班','生物医学工程学院'),(356,'202321121073','梁雪意','23级','生物医学工程','生医2303班','生物医学工程学院'),(357,'202321121074','宋婧茹','23级','医学信息工程','医学信息2301班','生物医学工程学院'),(358,'202321121075','周树林','23级','生物医学工程','智能医学工程卓越工程师2301班','生物医学工程学院'),(359,'202321121076','陈科伟','23级','生物医学工程','生医2303班','生物医学工程学院'),(360,'202321121077','段显吉','23级','医学信息工程','医学信息2301班','生物医学工程学院'),(361,'202321121078','袁炀','23级','生物医学工程','智能医学工程卓越工程师2301班','生物医学工程学院'),(362,'202321121079','熊湘玲','23级','医学信息工程','医学信息2301班','生物医学工程学院'),(363,'202321121080','张骏星','23级','医学信息工程','医学信息2301班','生物医学工程学院'),(364,'202321121081','罗梦','23级','生物医学工程','生医2303班','生物医学工程学院'),(365,'202321121083','杜玉雯','23级','生物医学工程','智能医学工程卓越工程师2301班','生物医学工程学院'),(366,'202321121084','黄镇宇','23级','医学信息工程','医学信息2301班','生物医学工程学院'),(367,'202321121085','范晨旭','23级','医学信息工程','医学信息2301班','生物医学工程学院'),(368,'202321121086','卢雅荷','23级','生物医学工程','生医2303班','生物医学工程学院'),(369,'202321121087','龚道庆','23级','医学信息工程','医学信息2301班','生物医学工程学院'),(370,'202321121088','周子俊','23级','医学信息工程','医学信息2301班','生物医学工程学院'),(371,'202321121089','郭福','23级','生物医学工程','生医2303班','生物医学工程学院'),(372,'202321121090','韩佳彤','23级','生物医学工程','生医2303班','生物医学工程学院'),(373,'202321121091','孟可心','23级','生物医学工程','智能医学工程卓越工程师2301班','生物医学工程学院'),(374,'202321121092','陈文茜','23级','生物医学工程','生医2303班','生物医学工程学院'),(375,'202321121093','葛瑞祺','23级','医学信息工程','医学信息2301班','生物医学工程学院'),(376,'202321121094','黄颖','23级','医学信息工程','医学信息2301班','生物医学工程学院'),(377,'202321121095','韦笑','23级','生物医学工程','生医2303班','生物医学工程学院'),(378,'202321121096','侯文杰','23级','生物医学工程','生医2301班','生物医学工程学院'),(379,'202321121097','孙李','23级','生物医学工程','生医2301班','生物医学工程学院'),(380,'202321121098','谢春玲','23级','医学信息工程','医学信息2301班','生物医学工程学院'),(381,'202321121099','龙湘粤','23级','生物医学工程','生医2301班','生物医学工程学院'),(382,'202321121100','黄结梅','23级','生物医学工程','生医2301班','生物医学工程学院'),(383,'202321121101','贾东','23级','医学信息工程','医学信息2302班','生物医学工程学院'),(384,'202321121102','刘忆昆','23级','生物医学工程','生医2301班','生物医学工程学院'),(385,'202321121103','王冰心','23级','医学信息工程','医学信息2302班','生物医学工程学院'),(386,'202321121104','贺瑶','23级','医学信息工程','医学信息2302班','生物医学工程学院'),(387,'202321121106','芮溪','23级','医学信息工程','医学信息2302班','生物医学工程学院'),(388,'202321121107','彭学良','23级','生物医学工程','生医2301班','生物医学工程学院'),(389,'202321121108','封政宇','23级','医学信息工程','医学信息2302班','生物医学工程学院'),(390,'202321121109','全燕京','23级','医学信息工程','医学信息2302班','生物医学工程学院'),(391,'202321121110','罗靖云','23级','生物医学工程','生医2303班','生物医学工程学院'),(392,'202321121111','张国凡','23级','医学信息工程','医学信息2302班','生物医学工程学院'),(393,'202321121112','倪珊','23级','医学信息工程','医学信息2302班','生物医学工程学院'),(394,'202321121113','朱佳音','23级','医学信息工程','医学信息2302班','生物医学工程学院'),(395,'202321121114','李敬一','23级','医学信息工程','医学信息2302班','生物医学工程学院'),(396,'202321121115','吴艾','23级','医学信息工程','医学信息2302班','生物医学工程学院'),(397,'202321121116','向玉琼','23级','生物医学工程','生医2303班','生物医学工程学院'),(398,'202321121117','唐妤晗','23级','医学信息工程','医学信息2302班','生物医学工程学院'),(399,'202321121118','代兴瑞','23级','生物医学工程','生医2301班','生物医学工程学院'),(400,'202321121119','龙玥','23级','生物医学工程','智能医学工程卓越工程师2301班','生物医学工程学院'),(401,'202321121120','周骞','23级','医学信息工程','医学信息2302班','生物医学工程学院'),(402,'202321121121','刘汪裕','23级','医学信息工程','医学信息2302班','生物医学工程学院'),(403,'202321121122','唐梦瑶','23级','医学信息工程','医学信息2302班','生物医学工程学院'),(404,'202321121123','李文秀','23级','生物医学工程','生医2301班','生物医学工程学院'),(405,'202321121124','魏雪丽','23级','医学信息工程','医学信息2302班','生物医学工程学院'),(406,'202321121125','徐通','23级','医学信息工程','医学信息2302班','生物医学工程学院'),(407,'202321121126','罗贤丽','23级','生物医学工程','生医2301班','生物医学工程学院'),(408,'202321121127','查方摇','23级','医学信息工程','医学信息2302班','生物医学工程学院'),(409,'202321121128','黄奕琳','23级','生物医学工程','智能医学工程卓越工程师2301班','生物医学工程学院'),(410,'202321121129','赵欣欣','23级','医学信息工程','医学信息2302班','生物医学工程学院'),(411,'202321121130','魏宇鑫','23级','医学信息工程','医学信息2302班','生物医学工程学院'),(412,'202321121131','刘懿文','23级','医学信息工程','医学信息2302班','生物医学工程学院'),(413,'202321121132','余德龙','23级','医学信息工程','医学信息2302班','生物医学工程学院'),(414,'202321121133','李梓涵','23级','生物医学工程','生医2301班','生物医学工程学院'),(415,'202321121134','吴佳芮','23级','生物医学工程','生医2301班','生物医学工程学院'),(416,'202321121135','金千祺','23级','医学信息工程','医学信息2302班','生物医学工程学院'),(417,'202321121136','李宇恒','23级','生物医学工程','生医2301班','生物医学工程学院'),(418,'202321121137','陈康','23级','医学信息工程','医学信息2302班','生物医学工程学院'),(419,'202321121138','娄启航','23级','生物医学工程','生医2301班','生物医学工程学院'),(420,'202321121139','王旌羽','23级','医学信息工程','医学信息2302班','生物医学工程学院'),(421,'202321121140','张楚唯','23级','医学信息工程','医学信息2302班','生物医学工程学院'),(422,'202321121141','张天琦','23级','生物医学工程','生医2301班','生物医学工程学院'),(423,'202321121142','陈靖盛','23级','生物医学工程','生医2301班','生物医学工程学院'),(424,'202321121143','刘昊宇','23级','生物医学工程','生医2301班','生物医学工程学院'),(425,'202321121144','陈梦晗','23级','生物医学工程','生医2301班','生物医学工程学院'),(426,'202321121145','潘婉宁','23级','医学信息工程','医学信息2302班','生物医学工程学院'),(427,'202321121146','杨天豪','23级','生物医学工程','生医2301班','生物医学工程学院'),(428,'202321121147','李秀珠','23级','生物医学工程','生医2301班','生物医学工程学院'),(429,'202321121148','伍经纬','23级','生物医学工程','生医2301班','生物医学工程学院'),(430,'202321121149','陈思君','23级','生物医学工程','生医2303班','生物医学工程学院'),(431,'202321121150','麦家智','23级','生物医学工程','生医2301班','生物医学工程学院'),(432,'202321121151','韦家祥','23级','生物医学工程','生医2302班','生物医学工程学院'),(433,'202321121152','贾浩','23级','生物医学工程','智能医学工程卓越工程师2301班','生物医学工程学院'),(434,'202321121153','熊哲宇','23级','生物医学工程','生医2302班','生物医学工程学院'),(435,'202321121154','刘宝琨','23级','医学信息工程','医学信息2302班','生物医学工程学院'),(436,'202321121155','严月杉','23级','医学信息工程','医学信息2302班','生物医学工程学院'),(437,'202321121156','董洁','23级','生物医学工程','生医2302班','生物医学工程学院'),(438,'202321121157','覃春香','23级','生物医学工程','生医2302班','生物医学工程学院'),(439,'202321121158','王婉婷','23级','医学信息工程','医学信息2302班','生物医学工程学院'),(440,'202321121159','谭卓凡','23级','生物医学工程','生医2302班','生物医学工程学院'),(441,'202321121160','刘璇','23级','生物医学工程','生医2302班','生物医学工程学院'),(442,'202321121161','杨博涯','23级','生物医学工程','生医2302班','生物医学工程学院'),(443,'202321121162','胡宇粲','23级','生物医学工程','智能医学工程卓越工程师2301班','生物医学工程学院'),(444,'202321121163','吴心桃','23级','医学信息工程','医学信息2302班','生物医学工程学院'),(445,'202321121164','周子喧','23级','生物医学工程','生医2302班','生物医学工程学院'),(446,'202321121165','张志坪','23级','生物医学工程','生医2302班','生物医学工程学院'),(447,'202321121166','夏子豪','23级','医学信息工程','医学信息2303班','生物医学工程学院'),(448,'202321121167','代劲焰','23级','生物医学工程','生医2302班','生物医学工程学院'),(449,'202321121168','谭苗苗','23级','生物医学工程','生医2303班','生物医学工程学院'),(450,'202321121169','刘乐炜','23级','生物医学工程','生医2303班','生物医学工程学院'),(451,'202321121170','石雅琪','23级','医学信息工程','医学信息2303班','生物医学工程学院'),(452,'202321121171','杨斌','23级','生物医学工程','生医2303班','生物医学工程学院'),(453,'202321121172','吴念涛','23级','医学信息工程','医学信息2303班','生物医学工程学院'),(454,'202321121173','张诗敏','23级','生物医学工程','生医2303班','生物医学工程学院'),(455,'202321121174','邹炎钰','23级','医学信息工程','医学信息2303班','生物医学工程学院'),(456,'202321121175','张瑜纾','23级','生物医学工程','智能医学工程卓越工程师2301班','生物医学工程学院'),(457,'202321121176','刘航','23级','医学信息工程','医学信息2303班','生物医学工程学院'),(458,'202321121177','柳洋熙','23级','生物医学工程','智能医学工程卓越工程师2301班','生物医学工程学院'),(459,'202321121178','黄云屏','23级','医学信息工程','医学信息2301班','生物医学工程学院'),(460,'202321121179','刚成瑞','23级','生物医学工程','生医2302班','生物医学工程学院'),(461,'202321121180','王佳琪','23级','医学信息工程','医学信息2301班','生物医学工程学院'),(462,'202321121181','希拉嘎尔','23级','生物医学工程','生医2303班','生物医学工程学院'),(463,'202321121182','赵禹衡','23级','生物医学工程','生医2303班','生物医学工程学院'),(464,'202321121183','尚鹏辉','23级','生物医学工程','智能医学工程卓越工程师2301班','生物医学工程学院'),(465,'202321121184','谭宇轩','23级','生物医学工程','生医2302班','生物医学工程学院'),(466,'202321121185','李斌','23级','医学信息工程','医学信息2303班','生物医学工程学院'),(467,'202321121186','史雅洁','23级','生物医学工程','生医2303班','生物医学工程学院'),(468,'202321121187','段龙飞','23级','医学信息工程','医学信息2303班','生物医学工程学院'),(469,'202321121188','周萌萌','23级','生物医学工程','智能医学工程卓越工程师2301班','生物医学工程学院'),(470,'202321121189','刘健','23级','医学信息工程','医学信息2303班','生物医学工程学院'),(471,'202321121190','张琳','23级','生物医学工程','生医2302班','生物医学工程学院'),(472,'202321121191','颜静宜','23级','生物医学工程','智能医学工程卓越工程师2301班','生物医学工程学院'),(473,'202321121192','王静怡','23级','医学信息工程','医学信息2303班','生物医学工程学院'),(474,'202321121193','曾令安','23级','生物医学工程','生医2302班','生物医学工程学院'),(475,'202321121194','谢柳颜','23级','生物医学工程','生医2302班','生物医学工程学院'),(476,'202321121195','黄世秋','23级','生物医学工程','智能医学工程卓越工程师2301班','生物医学工程学院'),(477,'202321121196','李姿','23级','医学信息工程','医学信息2301班','生物医学工程学院'),(478,'202321121197','查梦晗','23级','生物医学工程','生医2302班','生物医学工程学院'),(479,'202321121198','马皓政','23级','生物医学工程','生医2302班','生物医学工程学院'),(480,'202321121199','李静枫','23级','生物医学工程','生医2302班','生物医学工程学院'),(481,'202321121200','劳可','23级','医学信息工程','医学信息2303班','生物医学工程学院'),(482,'202321121201','唐佳慧','23级','生物医学工程','生医2302班','生物医学工程学院'),(483,'202321121202','谭申','23级','医学信息工程','医学信息2303班','生物医学工程学院'),(484,'202321121203','井乐怡','23级','生物医学工程','生医2303班','生物医学工程学院'),(485,'202321121204','吴函桦','23级','生物医学工程','生医2302班','生物医学工程学院'),(486,'202321121205','黄奇凤','23级','医学信息工程','医学信息2303班','生物医学工程学院'),(487,'202321121206','黎炳良','23级','生物医学工程','智能医学工程卓越工程师2301班','生物医学工程学院'),(488,'202321121208','余烜','23级','生物医学工程','生医2302班','生物医学工程学院'),(489,'202321121209','王睿锋','23级','生物医学工程','生医2302班','生物医学工程学院'),(490,'202321121210','牟领','23级','生物医学工程','智能医学工程卓越工程师2301班','生物医学工程学院'),(491,'202321121211','彭子能','23级','生物医学工程','生医2302班','生物医学工程学院'),(492,'202321121212','杨宇帆','23级','生物医学工程','生医2302班','生物医学工程学院'),(493,'202321121213','全雨添','23级','生物医学工程','生医2303班','生物医学工程学院'),(494,'202321121214','周蘂乾','23级','生物医学工程','生医2302班','生物医学工程学院'),(495,'202321121215','王宇杰','23级','生物医学工程','生医2302班','生物医学工程学院'),(496,'202321121216','李晓芬','23级','医学信息工程','医学信息2303班','生物医学工程学院'),(497,'202321121217','谭佳洛','23级','医学信息工程','医学信息2301班','生物医学工程学院'),(498,'202321121218','黎璇','23级','医学信息工程','医学信息2303班','生物医学工程学院'),(499,'202321121219','陆宇飞','23级','医学信息工程','医学信息2303班','生物医学工程学院'),(500,'202321121220','袁梦姿','23级','生物医学工程','智能医学工程卓越工程师2301班','生物医学工程学院'),(501,'202321121221','仇思宇','23级','医学信息工程','医学信息2303班','生物医学工程学院'),(502,'202321121222','胡太业','23级','生物医学工程','生医2302班','生物医学工程学院'),(503,'202321121223','晋美克珠','23级','医学信息工程','医学信息2303班','生物医学工程学院'),(504,'202321121224','关雨洁','23级','医学信息工程','医学信息2303班','生物医学工程学院'),(505,'202321121225','黄梓涵','23级','生物医学工程','生医2302班','生物医学工程学院'),(506,'202321121226','孟鸣鹤','23级','生物医学工程','生医2302班','生物医学工程学院'),(507,'202321121227','吴恩泽','23级','生物医学工程','生医2303班','生物医学工程学院'),(508,'202321121228','谢卓轩','23级','生物医学工程','生医2302班','生物医学工程学院'),(509,'202321121229','刘斌','23级','生物医学工程','智能医学工程卓越工程师2301班','生物医学工程学院'),(510,'202321121230','戴鸣阳','23级','生物医学工程','生医2302班','生物医学工程学院'),(511,'202321121231','王语凡','23级','生物医学工程','生医2302班','生物医学工程学院'),(512,'202321121232','邓广斌','23级','医学信息工程','医学信息2303班','生物医学工程学院'),(513,'202321121233','刘铭','23级','生物医学工程','生医2302班','生物医学工程学院'),(514,'202321121234','李智欣','23级','生物医学工程','生医2303班','生物医学工程学院'),(515,'202321121235','武莹莹','23级','医学信息工程','医学信息2303班','生物医学工程学院'),(516,'202321121236','邹泽','23级','生物医学工程','生医2302班','生物医学工程学院'),(517,'202321121237','芦妍霏','23级','生物医学工程','生医2303班','生物医学工程学院'),(518,'202321121238','贾广莹','23级','生物医学工程','生医2303班','生物医学工程学院'),(519,'202321121239','杨海鑫','23级','医学信息工程','医学信息2303班','生物医学工程学院'),(520,'202321121240','赵娜','23级','生物医学工程','生医2302班','生物医学工程学院'),(521,'202321121241','王佳欣','23级','医学信息工程','医学信息2303班','生物医学工程学院'),(522,'202321121243','杨添懋','23级','医学信息工程','医学信息2303班','生物医学工程学院'),(523,'202321121244','黄隽永','23级','医学信息工程','医学信息2303班','生物医学工程学院'),(524,'202321121245','黄姿娜','23级','医学信息工程','医学信息2303班','生物医学工程学院'),(525,'202321121246','吴俊怡','23级','医学信息工程','医学信息2303班','生物医学工程学院'),(526,'202321121247','李木子','23级','生物医学工程','智能医学工程卓越工程师2301班','生物医学工程学院'),(527,'202321121249','李丁丁','23级','生物医学工程','生医2302班','生物医学工程学院'),(528,'202321121250','岑潞','23级','医学信息工程','医学信息2303班','生物医学工程学院'),(529,'202321121251','徐宁','23级','生物医学工程','生医2303班','生物医学工程学院'),(530,'202321121252','郭晓岚','23级','生物医学工程','智能医学工程卓越工程师2301班','生物医学工程学院'),(531,'202321121253','明越','23级','医学信息工程','医学信息2303班','生物医学工程学院'),(532,'202321121254','杨婷','23级','医学信息工程','医学信息2303班','生物医学工程学院'),(533,'202321121255','杨安琪','23级','医学信息工程','医学信息2301班','生物医学工程学院'),(534,'202321121256','王颖','23级','生物医学工程','生医2303班','生物医学工程学院'),(535,'202321121257','李美妍','23级','生物医学工程','生医2303班','生物医学工程学院'),(536,'202321121259','肖嘉琦','23级','医学信息工程','医学信息2303班','生物医学工程学院'),(537,'202321121260','张雨晴','23级','医学信息工程','医学信息2303班','生物医学工程学院'),(538,'202321121261','吉史热古','23级','生物医学工程','生医2302班','生物医学工程学院'),(539,'202321121263','宋建霖','23级','生物医学工程','智能医学工程卓越工程师2301班','生物医学工程学院'),(540,'202321121264','白玛曲珍','23级','医学信息工程','医学信息2303班','生物医学工程学院'),(541,'202321121265','田佳慧','23级','生物医学工程','生医2302班','生物医学工程学院'),(542,'202321141019','肖海伶','23级','医学信息工程','医学信息2303班','生物医学工程学院'),(543,'202321141082','杨驰','23级','医学信息工程','医学信息2301班','生物医学工程学院'),(544,'202321141208','谭超','23级','生物医学工程','生医2302班','生物医学工程学院'),(545,'202321141281','唐斌','23级','生物医学工程','生医2302班','生物医学工程学院'),(546,'202321241005','宁唯楚','23级','生物医学工程','生医2302班','生物医学工程学院'),(547,'202321241015','马宇','23级','生物医学工程','生医2302班','生物医学工程学院'),(548,'202321241042','李丽明','23级','生物医学工程','生医2302班','生物医学工程学院'),(549,'202321241043','石美琪','23级','医学信息工程','医学信息2302班','生物医学工程学院'),(550,'202321241066','黄丹玲','23级','生物医学工程','生医2302班','生物医学工程学院'),(551,'202321241110','王雅洁','23级','生物医学工程','生医2302班','生物医学工程学院'),(552,'202321241142','谭豪','23级','医学信息工程','医学信息2303班','生物医学工程学院'),(553,'202321241225','韩林','23级','生物医学工程','生医2302班','生物医学工程学院'),(554,'202421031010','代宇轩','24级','生物医学工程','生医2404班','生物医学工程学院'),(555,'202421121001','程子熙','24级','医学信息工程','医学信息2401班','生物医学工程学院'),(556,'202421121002','黄城羲','24级','生物医学工程','生医2401班','生物医学工程学院'),(557,'202421121003','王铭泽','24级','生物医学工程','生医2401班','生物医学工程学院'),(558,'202421121004','赵淑环','24级','生物医学工程','生医2401班','生物医学工程学院'),(559,'202421121005','关鹏昆','24级','医学信息工程','医学信息2401班','生物医学工程学院'),(560,'202421121006','李宇','24级','生物医学工程','智能医学卓越工程师2401班','生物医学工程学院'),(561,'202421121007','郭思琪','24级','医学信息工程','医学信息2401班','生物医学工程学院'),(562,'202421121008','董雅迪','24级','医学信息工程','医学信息2401班','生物医学工程学院'),(563,'202421121009','陶薪宇','24级','生物医学工程','生医2401班','生物医学工程学院'),(564,'202421121010','李思丹','24级','医学信息工程','医学信息2401班','生物医学工程学院'),(565,'202421121011','上官博文','24级','医学信息工程','医学信息2401班','生物医学工程学院'),(566,'202421121012','赵娅琦','24级','生物医学工程','智能医学卓越工程师2401班','生物医学工程学院'),(567,'202421121013','陈佳炜','24级','生物医学工程','生医2401班','生物医学工程学院'),(568,'202421121014','孟鲁豫','24级','生物医学工程','生医2401班','生物医学工程学院'),(569,'202421121015','杨中原','24级','医学信息工程','医学信息2401班','生物医学工程学院'),(570,'202421121016','包占龙','24级','医学信息工程','医学信息2401班','生物医学工程学院'),(571,'202421121017','童一涵','24级','生物医学工程','智能医学卓越工程师2401班','生物医学工程学院'),(572,'202421121018','袁少英','24级','医学信息工程','医学信息2401班','生物医学工程学院'),(573,'202421121019','李可妍','24级','医学信息工程','医学信息2401班','生物医学工程学院'),(574,'202421121021','周子锐','24级','生物医学工程','生医2401班','生物医学工程学院'),(575,'202421121022','陈灵棂','24级','生物医学工程','生医2401班','生物医学工程学院'),(576,'202421121023','吉发欣','24级','生物医学工程','生医2401班','生物医学工程学院'),(577,'202421121024','赵一祥','24级','生物医学工程','智能医学卓越工程师2401班','生物医学工程学院'),(578,'202421121025','王嘉诚','24级','生物医学工程','智能医学卓越工程师2401班','生物医学工程学院'),(579,'202421121026','王一鸣','24级','生物医学工程','生医2401班','生物医学工程学院'),(580,'202421121027','万炳毅','24级','生物医学工程','生医2401班','生物医学工程学院'),(581,'202421121029','张国政','24级','生物医学工程','生医2401班','生物医学工程学院'),(582,'202421121030','张灿','24级','生物医学工程','智能医学卓越工程师2401班','生物医学工程学院'),(583,'202421121031','张磊','24级','生物医学工程','生医2401班','生物医学工程学院'),(584,'202421121032','王佳琪','24级','生物医学工程','生医2401班','生物医学工程学院'),(585,'202421121033','陈俊林','24级','医学信息工程','医学信息2401班','生物医学工程学院'),(586,'202421121034','赵俊杨','24级','生物医学工程','生医2401班','生物医学工程学院'),(587,'202421121035','赵晨昊','24级','生物医学工程','生医2401班','生物医学工程学院'),(588,'202421121036','黄港','24级','生物医学工程','生医2402班','生物医学工程学院'),(589,'202421121037','田岚欣','24级','医学信息工程','医学信息2401班','生物医学工程学院'),(590,'202421121038','赵凯歌','24级','生物医学工程','生医2402班','生物医学工程学院'),(591,'202421121039','杨爽','24级','生物医学工程','智能医学卓越工程师2401班','生物医学工程学院'),(592,'202421121041','肖宇辰','24级','生物医学工程','生医2402班','生物医学工程学院'),(593,'202421121042','李宇森','24级','生物医学工程','生医2402班','生物医学工程学院'),(594,'202421121043','胡峥','24级','生物医学工程','生医2402班','生物医学工程学院'),(595,'202421121044','杨帆','24级','生物医学工程','生医2402班','生物医学工程学院'),(596,'202421121045','刘欣甜','24级','医学信息工程','医学信息2401班','生物医学工程学院'),(597,'202421121046','雷雪亮','24级','生物医学工程','生医2402班','生物医学工程学院'),(598,'202421121047','任珂瑶','24级','医学信息工程','医学信息2401班','生物医学工程学院'),(599,'202421121048','周民贺','24级','生物医学工程','生医2402班','生物医学工程学院'),(600,'202421121049','纪苏耘','24级','生物医学工程','智能医学卓越工程师2401班','生物医学工程学院'),(601,'202421121050','杨若愚','24级','医学信息工程','医学信息2401班','生物医学工程学院'),(602,'202421121051','杨玉福','24级','生物医学工程','生医2402班','生物医学工程学院'),(603,'202421121052','张哲天','24级','生物医学工程','智能医学卓越工程师2401班','生物医学工程学院'),(604,'202421121053','刘思倩','24级','生物医学工程','智能医学卓越工程师2401班','生物医学工程学院'),(605,'202421121054','张珊','24级','生物医学工程','生医2402班','生物医学工程学院'),(606,'202421121055','邹尧顺','24级','生物医学工程','生医2402班','生物医学工程学院'),(607,'202421121056','熊艳霞','24级','生物医学工程','生医2402班','生物医学工程学院'),(608,'202421121057','曾荷丽','24级','医学信息工程','医学信息2401班','生物医学工程学院'),(609,'202421121058','周光泽','24级','生物医学工程','智能医学卓越工程师2401班','生物医学工程学院'),(610,'202421121059','魏冕兮','24级','生物医学工程','智能医学卓越工程师2401班','生物医学工程学院'),(611,'202421121060','王斌琪','24级','生物医学工程','生医2402班','生物医学工程学院'),(612,'202421121061','陈宇希','24级','生物医学工程','智能医学卓越工程师2401班','生物医学工程学院'),(613,'202421121062','刘庆','24级','生物医学工程','生医2402班','生物医学工程学院'),(614,'202421121063','孙汉璞','24级','生物医学工程','生医2402班','生物医学工程学院'),(615,'202421121064','李俊哲','24级','生物医学工程','智能医学卓越工程师2401班','生物医学工程学院'),(616,'202421121065','申思含','24级','生物医学工程','生医2402班','生物医学工程学院'),(617,'202421121066','王卓岩','24级','生物医学工程','生医2402班','生物医学工程学院'),(618,'202421121067','郭钰稀','24级','生物医学工程','智能医学卓越工程师2401班','生物医学工程学院'),(619,'202421121068','陈远航','24级','生物医学工程','生医2402班','生物医学工程学院'),(620,'202421121070','次仁玉珠','24级','医学信息工程','医学信息2401班','生物医学工程学院'),(621,'202421121071','邱俊杰','24级','生物医学工程','生医2401班','生物医学工程学院'),(622,'202421121072','杨爽','24级','生物医学工程','生医2401班','生物医学工程学院'),(623,'202421121074','赖超','24级','生物医学工程','生医2401班','生物医学工程学院'),(624,'202421121075','曾忻','24级','生物医学工程','生医2401班','生物医学工程学院'),(625,'202421121076','张婷钰','24级','医学信息工程','医学信息2401班','生物医学工程学院'),(626,'202421121077','王睿瑒','24级','生物医学工程','智能医学卓越工程师2401班','生物医学工程学院'),(627,'202421121078','保思彤','24级','医学信息工程','医学信息2401班','生物医学工程学院'),(628,'202421121079','李苗祯','24级','医学信息工程','医学信息2401班','生物医学工程学院'),(629,'202421121080','霍世豪','24级','医学信息工程','医学信息2401班','生物医学工程学院'),(630,'202421121081','聂胜果','24级','生物医学工程','智能医学卓越工程师2401班','生物医学工程学院'),(631,'202421121082','张佳运','24级','生物医学工程','生医2402班','生物医学工程学院'),(632,'202421121083','孙若涵','24级','生物医学工程','智能医学卓越工程师2401班','生物医学工程学院'),(633,'202421121084','撒春娜','24级','生物医学工程','生医2401班','生物医学工程学院'),(634,'202421121085','杨俊杰','24级','生物医学工程','生医2402班','生物医学工程学院'),(635,'202421121086','金梅','24级','生物医学工程','生医2401班','生物医学工程学院'),(636,'202421121087','谢文盛','24级','生物医学工程','生医2402班','生物医学工程学院'),(637,'202421121088','孙澋','24级','医学信息工程','医学信息2401班','生物医学工程学院'),(638,'202421121089','何宇恒','24级','生物医学工程','生医2402班','生物医学工程学院'),(639,'202421121090','鲁莹莹','24级','医学信息工程','医学信息2401班','生物医学工程学院'),(640,'202421121091','郑慧欣','24级','生物医学工程','智能医学卓越工程师2401班','生物医学工程学院'),(641,'202421121092','陈文康','24级','生物医学工程','生医2402班','生物医学工程学院'),(642,'202421121093','阳雯静','24级','医学信息工程','医学信息2401班','生物医学工程学院'),(643,'202421121094','王加辉','24级','生物医学工程','生医2403班','生物医学工程学院'),(644,'202421121095','曾远','24级','生物医学工程','生医2403班','生物医学工程学院'),(645,'202421121096','黄光域','24级','生物医学工程','生医2403班','生物医学工程学院'),(646,'202421121097','张怡','24级','生物医学工程','生医2403班','生物医学工程学院'),(647,'202421121099','李然','24级','生物医学工程','智能医学卓越工程师2401班','生物医学工程学院'),(648,'202421121100','叶科','24级','生物医学工程','生医2403班','生物医学工程学院'),(649,'202421121101','罗悦诗','24级','生物医学工程','生医2403班','生物医学工程学院'),(650,'202421121102','李永波','24级','生物医学工程','生医2404班','生物医学工程学院'),(651,'202421121103','覃纤画','24级','医学信息工程','医学信息2401班','生物医学工程学院'),(652,'202421121104','赵子怡','24级','生物医学工程','生医2404班','生物医学工程学院'),(653,'202421121105','马东','24级','生物医学工程','生医2404班','生物医学工程学院'),(654,'202421121106','冯冰洋','24级','生物医学工程','智能医学卓越工程师2401班','生物医学工程学院'),(655,'202421121107','祝岩','24级','医学信息工程','医学信息2402班','生物医学工程学院'),(656,'202421121108','张艳','24级','医学信息工程','医学信息2402班','生物医学工程学院'),(657,'202421121109','徐圣堃','24级','医学信息工程','医学信息2402班','生物医学工程学院'),(658,'202421121110','彭炜淇','24级','生物医学工程','生医2404班','生物医学工程学院'),(659,'202421121111','葛欣悦','24级','医学信息工程','医学信息2401班','生物医学工程学院'),(660,'202421121112','张浩','24级','生物医学工程','生医2404班','生物医学工程学院'),(661,'202421121113','余文涛','24级','医学信息工程','医学信息2402班','生物医学工程学院'),(662,'202421121114','田子娇','24级','医学信息工程','医学信息2401班','生物医学工程学院'),(663,'202421121116','巨铭凯','24级','生物医学工程','生医2404班','生物医学工程学院'),(664,'202421121117','姚煦铖','24级','生物医学工程','生医2404班','生物医学工程学院'),(665,'202421121118','相海萍','24级','生物医学工程','生医2404班','生物医学工程学院'),(666,'202421121119','郭志强','24级','生物医学工程','生医2404班','生物医学工程学院'),(667,'202421121120','扎西卓玛','24级','生物医学工程','生医2404班','生物医学工程学院'),(668,'202421121121','程逸菲','24级','生物医学工程','生医2404班','生物医学工程学院'),(669,'202421121122','覃允泓','24级','生物医学工程','生医2404班','生物医学工程学院'),(670,'202421121123','岑屹暄','24级','医学信息工程','医学信息2401班','生物医学工程学院'),(671,'202421121124','吕凌翰','24级','医学信息工程','医学信息2402班','生物医学工程学院'),(672,'202421121125','向真希','24级','医学信息工程','医学信息2401班','生物医学工程学院'),(673,'202421121126','向琴华','24级','医学信息工程','医学信息2402班','生物医学工程学院'),(674,'202421121127','彭怡美','24级','生物医学工程','生医2404班','生物医学工程学院'),(675,'202421121128','王芝艳','24级','医学信息工程','医学信息2401班','生物医学工程学院'),(676,'202421121129','赵然然','24级','生物医学工程','智能医学卓越工程师2401班','生物医学工程学院'),(677,'202421121130','柴士博','24级','生物医学工程','生医2404班','生物医学工程学院'),(678,'202421121131','张佳慧','24级','生物医学工程','生医2404班','生物医学工程学院'),(679,'202421121132','郑曦','24级','医学信息工程','医学信息2403班','生物医学工程学院'),(680,'202421121133','丁云天','24级','生物医学工程','生医2404班','生物医学工程学院'),(681,'202421121134','罗超奕','24级','生物医学工程','生医2404班','生物医学工程学院'),(682,'202421121135','王静娴','24级','生物医学工程','智能医学卓越工程师2401班','生物医学工程学院'),(683,'202421121136','王佳颖','24级','生物医学工程','智能医学卓越工程师2401班','生物医学工程学院'),(684,'202421121137','许然','24级','医学信息工程','医学信息2403班','生物医学工程学院'),(685,'202421121138','李亦弘','24级','医学信息工程','医学信息2403班','生物医学工程学院'),(686,'202421121139','左晓雪','24级','医学信息工程','医学信息2403班','生物医学工程学院'),(687,'202421121140','马小婷','24级','医学信息工程','医学信息2403班','生物医学工程学院'),(688,'202421121141','汤韵之','24级','医学信息工程','医学信息2402班','生物医学工程学院'),(689,'202421121143','熊韵涵','24级','生物医学工程','生医2401班','生物医学工程学院'),(690,'202421121144','邓杨涵','24级','医学信息工程','医学信息2402班','生物医学工程学院'),(691,'202421121145','黄伊琴','24级','生物医学工程','生医2401班','生物医学工程学院'),(692,'202421121147','朱昱章','24级','生物医学工程','生医2404班','生物医学工程学院'),(693,'202421121148','吴忻彤','24级','医学信息工程','医学信息2402班','生物医学工程学院'),(694,'202421121149','方思睿','24级','生物医学工程','生医2404班','生物医学工程学院'),(695,'202421121150','陈语嫣','24级','生物医学工程','生医2401班','生物医学工程学院'),(696,'202421121151','李京育','24级','医学信息工程','医学信息2402班','生物医学工程学院'),(697,'202421121152','王小宇','24级','生物医学工程','生医2403班','生物医学工程学院'),(698,'202421121153','李广','24级','生物医学工程','生医2401班','生物医学工程学院'),(699,'202421121154','高梦缘','24级','生物医学工程','生医2402班','生物医学工程学院'),(700,'202421121155','刘志枥','24级','生物医学工程','生医2402班','生物医学工程学院'),(701,'202421121156','游米琪','24级','生物医学工程','生医2402班','生物医学工程学院'),(702,'202421121157','陈玉萍','24级','医学信息工程','医学信息2402班','生物医学工程学院'),(703,'202421121158','左恩辉','24级','生物医学工程','智能医学卓越工程师2401班','生物医学工程学院'),(704,'202421121159','李泳欣','24级','生物医学工程','生医2402班','生物医学工程学院'),(705,'202421121160','冯瑞波','24级','医学信息工程','医学信息2402班','生物医学工程学院'),(706,'202421121161','华欣怡','24级','医学信息工程','医学信息2402班','生物医学工程学院'),(707,'202421121162','邹俊涛','24级','生物医学工程','生医2404班','生物医学工程学院'),(708,'202421121163','廖承松','24级','生物医学工程','智能医学卓越工程师2401班','生物医学工程学院'),(709,'202421121164','焦伟静','24级','生物医学工程','生医2403班','生物医学工程学院'),(710,'202421121165','潘继鑫','24级','医学信息工程','医学信息2402班','生物医学工程学院'),(711,'202421121166','黄国理','24级','生物医学工程','生医2403班','生物医学工程学院'),(712,'202421121167','程浩然','24级','医学信息工程','医学信息2402班','生物医学工程学院'),(713,'202421121168','洪靓','24级','生物医学工程','生医2403班','生物医学工程学院'),(714,'202421121169','毛大宽','24级','生物医学工程','生医2403班','生物医学工程学院'),(715,'202421121170','陈玥杉','24级','医学信息工程','医学信息2402班','生物医学工程学院'),(716,'202421121171','魏歆娱','24级','生物医学工程','生医2404班','生物医学工程学院'),(717,'202421121172','覃柱天','24级','生物医学工程','生医2404班','生物医学工程学院'),(718,'202421121173','刘昭驿','24级','医学信息工程','医学信息2402班','生物医学工程学院'),(719,'202421121174','马雯静','24级','医学信息工程','医学信息2402班','生物医学工程学院'),(720,'202421121175','刘洪希','24级','生物医学工程','生医2403班','生物医学工程学院'),(721,'202421121176','林益庆','24级','生物医学工程','智能医学卓越工程师2401班','生物医学工程学院'),(722,'202421121177','李嘉慧','24级','生物医学工程','生医2403班','生物医学工程学院'),(723,'202421121178','谢天翔','24级','生物医学工程','生医2403班','生物医学工程学院'),(724,'202421121179','陈芝美','24级','生物医学工程','生医2403班','生物医学工程学院'),(725,'202421121180','姜学','24级','医学信息工程','医学信息2402班','生物医学工程学院'),(726,'202421121181','朴俊宇','24级','医学信息工程','医学信息2402班','生物医学工程学院'),(727,'202421121182','刘怡','24级','生物医学工程','生医2403班','生物医学工程学院'),(728,'202421121183','徐梓恒','24级','生物医学工程','生医2403班','生物医学工程学院'),(729,'202421121184','吴睿妮','24级','医学信息工程','医学信息2402班','生物医学工程学院'),(730,'202421121185','吴洁','24级','生物医学工程','生医2403班','生物医学工程学院'),(731,'202421121186','张思晨','24级','生物医学工程','生医2403班','生物医学工程学院'),(732,'202421121187','陈子文','24级','生物医学工程','生医2403班','生物医学工程学院'),(733,'202421121188','姚茂易','24级','生物医学工程','生医2403班','生物医学工程学院'),(734,'202421121189','严文秀','24级','生物医学工程','生医2403班','生物医学工程学院'),(735,'202421121190','周欣婷','24级','生物医学工程','生医2403班','生物医学工程学院'),(736,'202421121191','黄忠谊','24级','生物医学工程','生医2403班','生物医学工程学院'),(737,'202421121192','甘素莲','24级','医学信息工程','医学信息2402班','生物医学工程学院'),(738,'202421121193','莫孔淼','24级','生物医学工程','生医2403班','生物医学工程学院'),(739,'202421121194','彭俊淇','24级','生物医学工程','生医2403班','生物医学工程学院'),(740,'202421121195','李柯江','24级','医学信息工程','医学信息2403班','生物医学工程学院'),(741,'202421121196','李一樊','24级','生物医学工程','生医2403班','生物医学工程学院'),(742,'202421121197','吴应凯','24级','医学信息工程','医学信息2403班','生物医学工程学院'),(743,'202421121198','卜彤彤','24级','生物医学工程','生医2403班','生物医学工程学院'),(744,'202421121199','涂诚乐','24级','医学信息工程','医学信息2403班','生物医学工程学院'),(745,'202421121200','黄品雄','24级','医学信息工程','医学信息2403班','生物医学工程学院'),(746,'202421121201','张桢','24级','生物医学工程','生医2403班','生物医学工程学院'),(747,'202421121202','徐晨阳','24级','生物医学工程','生医2403班','生物医学工程学院'),(748,'202421121203','谭玺','24级','生物医学工程','生医2403班','生物医学工程学院'),(749,'202421121204','胡永状','24级','医学信息工程','医学信息2402班','生物医学工程学院'),(750,'202421121205','肖婷婷','24级','生物医学工程','智能医学卓越工程师2401班','生物医学工程学院'),(751,'202421121206','姜思迪','24级','生物医学工程','生医2403班','生物医学工程学院'),(752,'202421121207','王盈盈','24级','生物医学工程','生医2403班','生物医学工程学院'),(753,'202421121208','约提库尔·阿布拉哈提','24级','生物医学工程','生医2403班','生物医学工程学院'),(754,'202421121209','曾榆净','24级','生物医学工程','智能医学卓越工程师2401班','生物医学工程学院'),(755,'202421121210','马翔宇','24级','医学信息工程','医学信息2403班','生物医学工程学院'),(756,'202421121211','唐筱','24级','生物医学工程','生医2404班','生物医学工程学院'),(757,'202421121212','翁会棋','24级','生物医学工程','生医2404班','生物医学工程学院'),(758,'202421121213','何晶','24级','医学信息工程','医学信息2402班','生物医学工程学院'),(759,'202421121214','吴增光','24级','医学信息工程','医学信息2403班','生物医学工程学院'),(760,'202421121215','姜惠潆','24级','医学信息工程','医学信息2403班','生物医学工程学院'),(761,'202421121216','黄苗苗','24级','生物医学工程','智能医学卓越工程师2401班','生物医学工程学院'),(762,'202421121217','王雅辉','24级','生物医学工程','生医2404班','生物医学工程学院'),(763,'202421121218','杨彤','24级','医学信息工程','医学信息2402班','生物医学工程学院'),(764,'202421121219','高妍','24级','生物医学工程','生医2404班','生物医学工程学院'),(765,'202421121220','王天姿','24级','生物医学工程','智能医学卓越工程师2401班','生物医学工程学院'),(766,'202421121221','付恒圳','24级','医学信息工程','医学信息2401班','生物医学工程学院'),(767,'202421121222','罗杰','24级','医学信息工程','医学信息2401班','生物医学工程学院'),(768,'202421121223','胡靖源','24级','生物医学工程','智能医学卓越工程师2401班','生物医学工程学院'),(769,'202421121224','贺汝林','24级','生物医学工程','智能医学卓越工程师2401班','生物医学工程学院'),(770,'202421121225','曾祥辉','24级','医学信息工程','医学信息2401班','生物医学工程学院'),(771,'202421121226','张莉','24级','生物医学工程','生医2404班','生物医学工程学院'),(772,'202421121227','黄敏珊','24级','生物医学工程','生医2404班','生物医学工程学院'),(773,'202421121228','曾子阳','24级','医学信息工程','医学信息2401班','生物医学工程学院'),(774,'202421121229','安雪','24级','生物医学工程','智能医学卓越工程师2401班','生物医学工程学院'),(775,'202421121230','焦晨曦','24级','医学信息工程','医学信息2403班','生物医学工程学院'),(776,'202421121231','梁策源','24级','生物医学工程','生医2404班','生物医学工程学院'),(777,'202421121232','王子轩','24级','医学信息工程','医学信息2402班','生物医学工程学院'),(778,'202421121233','周孝泉','24级','生物医学工程','生医2404班','生物医学工程学院'),(779,'202421121234','黄达颖','24级','生物医学工程','生医2404班','生物医学工程学院'),(780,'202421121235','陈心敖','24级','生物医学工程','智能医学卓越工程师2401班','生物医学工程学院'),(781,'202421121236','彭雨','24级','医学信息工程','医学信息2402班','生物医学工程学院'),(782,'202421121237','谭宋懿','24级','生物医学工程','生医2404班','生物医学工程学院'),(783,'202421121238','向尚','24级','生物医学工程','智能医学卓越工程师2401班','生物医学工程学院'),(784,'202421121239','谭小慧','24级','医学信息工程','医学信息2401班','生物医学工程学院'),(785,'202421121240','马狄雅','24级','医学信息工程','医学信息2402班','生物医学工程学院'),(786,'202421121241','谢阳雨日','24级','生物医学工程','智能医学卓越工程师2401班','生物医学工程学院'),(787,'202421121242','依力哈木·阿迪力','24级','医学信息工程','医学信息2402班','生物医学工程学院'),(788,'202421121243','马佳仪','24级','医学信息工程','医学信息2403班','生物医学工程学院'),(789,'202421121244','李佳妮','24级','生物医学工程','生医2402班','生物医学工程学院'),(790,'202421121245','于晚晴','24级','生物医学工程','智能医学卓越工程师2401班','生物医学工程学院'),(791,'202421121246','王浩然','24级','生物医学工程','生医2401班','生物医学工程学院'),(792,'202421121247','李媛媛','24级','生物医学工程','智能医学卓越工程师2401班','生物医学工程学院'),(793,'202421121248','黄薇竹','24级','医学信息工程','医学信息2403班','生物医学工程学院'),(794,'202421121249','国天奇','24级','生物医学工程','生医2401班','生物医学工程学院'),(795,'202421121250','彭陈','24级','生物医学工程','生医2401班','生物医学工程学院'),(796,'202421121251','谢馨菲','24级','医学信息工程','医学信息2402班','生物医学工程学院'),(797,'202421121252','芮博','24级','医学信息工程','医学信息2402班','生物医学工程学院'),(798,'202421121253','晏明杰','24级','生物医学工程','生医2403班','生物医学工程学院'),(799,'202421121254','阮诗涵','24级','医学信息工程','医学信息2403班','生物医学工程学院'),(800,'202421121255','李成洲','24级','生物医学工程','生医2403班','生物医学工程学院'),(801,'202421121256','张俊雯','24级','医学信息工程','医学信息2402班','生物医学工程学院'),(802,'202421121257','韩勇','24级','生物医学工程','生医2403班','生物医学工程学院'),(803,'202421121258','吴明洋','24级','生物医学工程','生医2403班','生物医学工程学院'),(804,'202421121259','杨鑫','24级','生物医学工程','生医2403班','生物医学工程学院'),(805,'202421121260','陈思羽','24级','生物医学工程','生医2402班','生物医学工程学院'),(806,'202421121261','利姿','24级','医学信息工程','医学信息2402班','生物医学工程学院'),(807,'202421121262','马驰贺','24级','生物医学工程','生医2403班','生物医学工程学院'),(808,'202421121263','王艺凯','24级','医学信息工程','医学信息2402班','生物医学工程学院'),(809,'202421121264','张之桥','24级','生物医学工程','生医2402班','生物医学工程学院'),(810,'202421121265','赵佳璐','24级','医学信息工程','医学信息2402班','生物医学工程学院'),(811,'202421121266','刘美子','24级','生物医学工程','生医2402班','生物医学工程学院'),(812,'202421121267','孟浩原','24级','生物医学工程','生医2401班','生物医学工程学院'),(813,'202421121268','梁怡佳','24级','生物医学工程','生医2401班','生物医学工程学院'),(814,'202421121269','贺诚','24级','医学信息工程','医学信息2403班','生物医学工程学院'),(815,'202421121270','张嘉琪','24级','生物医学工程','生医2401班','生物医学工程学院'),(816,'202421121271','方国兴','24级','医学信息工程','医学信息2403班','生物医学工程学院'),(817,'202421121272','杨欢','24级','生物医学工程','智能医学卓越工程师2401班','生物医学工程学院'),(818,'202421121273','尼玛扎西','24级','生物医学工程','生医2401班','生物医学工程学院'),(819,'202421121274','李江鈅','24级','医学信息工程','医学信息2403班','生物医学工程学院'),(820,'202421121275','赵世军','24级','医学信息工程','医学信息2403班','生物医学工程学院'),(821,'202421121276','杨佳易','24级','生物医学工程','生医2401班','生物医学工程学院'),(822,'202421121277','张婷','24级','生物医学工程','生医2404班','生物医学工程学院'),(823,'202421121278','李想','24级','医学信息工程','医学信息2403班','生物医学工程学院'),(824,'202421121279','王文学','24级','生物医学工程','生医2401班','生物医学工程学院'),(825,'202421121280','郭秘林','24级','生物医学工程','生医2401班','生物医学工程学院'),(826,'202421121281','夏贝宜','24级','生物医学工程','生医2404班','生物医学工程学院'),(827,'202421121282','武莉斯美','24级','生物医学工程','生医2402班','生物医学工程学院'),(828,'202421121283','布特格其','24级','医学信息工程','医学信息2403班','生物医学工程学院'),(829,'202421121284','赵家晨','24级','医学信息工程','医学信息2403班','生物医学工程学院'),(830,'202421121285','谢可','24级','医学信息工程','医学信息2403班','生物医学工程学院'),(831,'202421121286','朱梦戈','24级','生物医学工程','智能医学卓越工程师2401班','生物医学工程学院'),(832,'202421121287','吴相威','24级','医学信息工程','医学信息2403班','生物医学工程学院'),(833,'202421121288','蒋怡萧','24级','医学信息工程','医学信息2403班','生物医学工程学院'),(834,'202421121289','房永奇','24级','医学信息工程','医学信息2403班','生物医学工程学院'),(835,'202421121290','邓慧贞','24级','生物医学工程','生医2402班','生物医学工程学院'),(836,'202421121291','张美婷','24级','医学信息工程','医学信息2403班','生物医学工程学院'),(837,'202421121292','江彦妮','24级','生物医学工程','智能医学卓越工程师2401班','生物医学工程学院'),(838,'202421121293','李丹丹','24级','医学信息工程','医学信息2403班','生物医学工程学院'),(839,'202421121294','谈艺','24级','医学信息工程','医学信息2403班','生物医学工程学院'),(840,'202421121295','邝海璇','24级','生物医学工程','生医2402班','生物医学工程学院'),(841,'202421121296','兰杜娟','24级','医学信息工程','医学信息2403班','生物医学工程学院'),(842,'202421121297','刘梦园','24级','生物医学工程','生医2402班','生物医学工程学院'),(843,'202421121298','宋婉蓉','24级','生物医学工程','生医2402班','生物医学工程学院'),(844,'202421121300','佘江','24级','医学信息工程','医学信息2403班','生物医学工程学院'),(845,'202421121301','朱炫秋','24级','医学信息工程','医学信息2403班','生物医学工程学院'),(846,'202421121302','谢俊','24级','生物医学工程','生医2401班','生物医学工程学院'),(847,'202421121303','肖芷茜','24级','生物医学工程','生医2402班','生物医学工程学院'),(848,'202421121304','张伟','24级','生物医学工程','生医2401班','生物医学工程学院'),(849,'202421121305','张紫珍','24级','生物医学工程','生医2402班','生物医学工程学院'),(850,'202421121307','眭冰','24级','医学信息工程','医学信息2403班','生物医学工程学院'),(851,'202421121308','齐佳','24级','医学信息工程','医学信息2403班','生物医学工程学院'),(852,'202421121309','曹敏','24级','生物医学工程','生医2404班','生物医学工程学院'),(853,'202421121310','朱梓墨','24级','生物医学工程','生医2404班','生物医学工程学院'),(854,'202421132090','张浩','24级','生物医学工程','生医2401班','生物医学工程学院'),(855,'202421132112','黎尹睿','24级','生物医学工程','生医2404班','生物医学工程学院'),(856,'202421141011','陈创','24级','医学信息工程','医学信息2401班','生物医学工程学院'),(857,'202421141100','龙嘉成','24级','医学信息工程','医学信息2403班','生物医学工程学院'),(858,'202421141258','张文慧','24级','生物医学工程','智能医学卓越工程师2401班','生物医学工程学院'),(859,'202421141344','陈宗祺','24级','生物医学工程','生医2404班','生物医学工程学院'),(860,'202421241091','杨红星','24级','医学信息工程','医学信息2402班','生物医学工程学院'),(861,'202421241108','杨若佳','24级','生物医学工程','智能医学卓越工程师2401班','生物医学工程学院'),(862,'202421241119','黄馨儀','24级','生物医学工程','生医2402班','生物医学工程学院'),(863,'202421241145','王焙焙','24级','医学信息工程','医学信息2401班','生物医学工程学院'),(864,'202421241148','许莎','24级','医学信息工程','医学信息2402班','生物医学工程学院'),(865,'202421241153','张金金','24级','生物医学工程','生医2401班','生物医学工程学院'),(866,'202421241155','袁宇航','24级','医学信息工程','医学信息2402班','生物医学工程学院'),(867,'202421241168','郑菲燕','24级','生物医学工程','生医2402班','生物医学工程学院'),(868,'202421241185','杨金金','24级','生物医学工程','智能医学卓越工程师2401班','生物医学工程学院'),(869,'202421241339','杜雨彤','24级','医学信息工程','医学信息2401班','生物医学工程学院'),(870,'202461122004','陈家俊','24级','生物医学工程(第二学位)','生医（第二学位）2401班','生物医学工程学院'),(871,'202521121001','孙飞','25级','生物医学工程类','生医类2501班','生物医学工程学院'),(872,'202521121002','孙誉嘉','25级','生物医学工程类','生医类2501班','生物医学工程学院'),(873,'202521121003','张泽轩','25级','生物医学工程类','生医类2501班','生物医学工程学院'),(874,'202521121004','周庞婧','25级','生物医学工程类','生医类2501班','生物医学工程学院'),(875,'202521121005','王培淋','25级','生物医学工程类','生医类2501班','生物医学工程学院'),(876,'202521121006','李虎成','25级','生物医学工程类','生医类2501班','生物医学工程学院'),(877,'202521121007','郑铭','25级','生物医学工程类','生医类2501班','生物医学工程学院'),(878,'202521121008','彭修贤','25级','生物医学工程类','生医类2501班','生物医学工程学院'),(879,'202521121009','傅悦','25级','生物医学工程类','生医类2501班','生物医学工程学院'),(880,'202521121010','井雪颖','25级','生物医学工程类','生医类2501班','生物医学工程学院'),(881,'202521121011','关静柔','25级','生物医学工程类','生医类2501班','生物医学工程学院'),(882,'202521121012','唐梓浩','25级','生物医学工程类','生医类2501班','生物医学工程学院'),(883,'202521121013','管曹鑫','25级','生物医学工程类','生医类2501班','生物医学工程学院'),(884,'202521121014','刘立权','25级','生物医学工程类','生医类2501班','生物医学工程学院'),(885,'202521121015','黄子敬','25级','生物医学工程类','生医类2501班','生物医学工程学院'),(886,'202521121016','王安妮','25级','生物医学工程类','生医类2501班','生物医学工程学院'),(887,'202521121017','杨兰若','25级','生物医学工程类','生医类2501班','生物医学工程学院'),(888,'202521121018','马金铭','25级','生物医学工程类','生医类2501班','生物医学工程学院'),(889,'202521121019','莫柠卉','25级','生物医学工程类','生医类2501班','生物医学工程学院'),(890,'202521121020','蒙依灵','25级','生物医学工程类','生医类2501班','生物医学工程学院'),(891,'202521121021','陈召弟','25级','生物医学工程类','生医类2501班','生物医学工程学院'),(892,'202521121022','赵锐宇','25级','生物医学工程类','生医类2501班','生物医学工程学院'),(893,'202521121023','高海源','25级','生物医学工程类','生医类2501班','生物医学工程学院'),(894,'202521121024','李雨晴','25级','生物医学工程类','生医类2501班','生物医学工程学院'),(895,'202521121025','周欣恬','25级','生物医学工程类','生医类2501班','生物医学工程学院'),(896,'202521121026','袁馨愉','25级','生物医学工程类','生医类2501班','生物医学工程学院'),(897,'202521121027','汪祖银','25级','生物医学工程类','生医类2501班','生物医学工程学院'),(898,'202521121028','沈洋','25级','生物医学工程类','生医类2501班','生物医学工程学院'),(899,'202521121029','王子渊','25级','生物医学工程类','生医类2501班','生物医学工程学院'),(900,'202521121030','程丰','25级','生物医学工程类','生医类2501班','生物医学工程学院'),(901,'202521121031','杨茂果','25级','生物医学工程类','生医类2501班','生物医学工程学院'),(902,'202521121032','黄志均','25级','生物医学工程类','生医类2501班','生物医学工程学院'),(903,'202521121033','郭子豪','25级','生物医学工程类','生医类2501班','生物医学工程学院'),(904,'202521121034','马延科','25级','生物医学工程类','生医类2501班','生物医学工程学院'),(905,'202521121035','孔丽娜','25级','生物医学工程类','生医类2501班','生物医学工程学院'),(906,'202521121036','刘佳梦','25级','生物医学工程类','生医类2501班','生物医学工程学院'),(907,'202521121037','张航','25级','生物医学工程类','生医类2501班','生物医学工程学院'),(908,'202521121038','余宏杰','25级','生物医学工程类','生医类2501班','生物医学工程学院'),(909,'202521121039','权泓溪','25级','生物医学工程类','生医类2502班','生物医学工程学院'),(910,'202521121040','柳昕怡','25级','生物医学工程类','生医类2502班','生物医学工程学院'),(911,'202521121041','沈赞','25级','生物医学工程类','生医类2502班','生物医学工程学院'),(912,'202521121042','秦琨博','25级','生物医学工程类','生医类2502班','生物医学工程学院'),(913,'202521121043','赵家宏','25级','生物医学工程类','生医类2502班','生物医学工程学院'),(914,'202521121044','黄泳棋','25级','生物医学工程类','生医类2502班','生物医学工程学院'),(915,'202521121045','聂露','25级','生物医学工程类','生医类2502班','生物医学工程学院'),(916,'202521121046','蔡黄珏','25级','生物医学工程类','生医类2502班','生物医学工程学院'),(917,'202521121047','沈怡然','25级','生物医学工程类','生医类2502班','生物医学工程学院'),(918,'202521121048','张木子','25级','生物医学工程类','生医类2502班','生物医学工程学院'),(919,'202521121049','黄文乐','25级','生物医学工程类','生医类2502班','生物医学工程学院'),(920,'202521121050','戴成儒','25级','生物医学工程类','生医类2502班','生物医学工程学院'),(921,'202521121051','李子涵','25级','生物医学工程类','生医类2502班','生物医学工程学院'),(922,'202521121052','罗思雨','25级','生物医学工程类','生医类2502班','生物医学工程学院'),(923,'202521121053','李观澜','25级','生物医学工程类','生医类2502班','生物医学工程学院'),(924,'202521121054','胡紫妍','25级','生物医学工程类','生医类2502班','生物医学工程学院'),(925,'202521121055','李丹丹','25级','生物医学工程类','生医类2502班','生物医学工程学院'),(926,'202521121056','刘宁圆','25级','生物医学工程类','生医类2502班','生物医学工程学院'),(927,'202521121057','陈歆媛','25级','生物医学工程类','生医类2502班','生物医学工程学院'),(928,'202521121058','杨雅文','25级','生物医学工程类','生医类2502班','生物医学工程学院'),(929,'202521121059','郭政池','25级','生物医学工程类','生医类2502班','生物医学工程学院'),(930,'202521121060','袁凤玲','25级','生物医学工程类','生医类2502班','生物医学工程学院'),(931,'202521121061','薛诺雨','25级','生物医学工程类','生医类2502班','生物医学工程学院'),(932,'202521121062','贺冰心','25级','生物医学工程类','生医类2502班','生物医学工程学院'),(933,'202521121063','郑春霞','25级','生物医学工程类','生医类2502班','生物医学工程学院'),(934,'202521121064','石杰','25级','生物医学工程类','生医类2502班','生物医学工程学院'),(935,'202521121065','黄思淳','25级','生物医学工程类','生医类2502班','生物医学工程学院'),(936,'202521121066','胡昊','25级','生物医学工程类','生医类2502班','生物医学工程学院'),(937,'202521121067','汪玉霖','25级','生物医学工程类','生医类2502班','生物医学工程学院'),(938,'202521121068','刘希','25级','生物医学工程类','生医类2502班','生物医学工程学院'),(939,'202521121069','张炜鑫','25级','生物医学工程类','生医类2502班','生物医学工程学院'),(940,'202521121070','曾康','25级','生物医学工程类','生医类2502班','生物医学工程学院'),(941,'202521121071','钱彦文','25级','生物医学工程类','生医类2502班','生物医学工程学院'),(942,'202521121072','李好','25级','生物医学工程类','生医类2502班','生物医学工程学院'),(943,'202521121073','吴一帆','25级','生物医学工程类','生医类2502班','生物医学工程学院'),(944,'202521121074','向怡雯','25级','生物医学工程类','生医类2502班','生物医学工程学院'),(945,'202521121075','刘文璐','25级','生物医学工程类','生医类2502班','生物医学工程学院'),(946,'202521121076','张霖','25级','生物医学工程类','生医类2502班','生物医学工程学院'),(947,'202521121077','廖慧玲','25级','生物医学工程类','生医类2503班','生物医学工程学院'),(948,'202521121078','单彩琴','25级','生物医学工程类','生医类2503班','生物医学工程学院'),(949,'202521121079','吴哲欢','25级','生物医学工程类','生医类2503班','生物医学工程学院'),(950,'202521121080','禹文豪','25级','生物医学工程类','生医类2503班','生物医学工程学院'),(951,'202521121081','刘芳','25级','生物医学工程类','生医类2503班','生物医学工程学院'),(952,'202521121082','吴鑫雅','25级','生物医学工程类','生医类2503班','生物医学工程学院'),(953,'202521121083','陈爽','25级','生物医学工程类','生医类2503班','生物医学工程学院'),(954,'202521121084','匡玺源','25级','生物医学工程类','生医类2503班','生物医学工程学院'),(955,'202521121085','瞿梦茜','25级','生物医学工程类','生医类2503班','生物医学工程学院'),(956,'202521121086','张芳瑜','25级','生物医学工程类','生医类2503班','生物医学工程学院'),(957,'202521121087','张迈','25级','生物医学工程类','生医类2503班','生物医学工程学院'),(958,'202521121088','王闻悦','25级','生物医学工程类','生医类2503班','生物医学工程学院'),(959,'202521121089','苏凯','25级','生物医学工程类','生医类2503班','生物医学工程学院'),(960,'202521121090','谢昊','25级','生物医学工程类','生医类2503班','生物医学工程学院'),(961,'202521121091','许澜馨','25级','生物医学工程类','生医类2503班','生物医学工程学院'),(962,'202521121092','熊睿奇','25级','生物医学工程类','生医类2503班','生物医学工程学院'),(963,'202521121093','王婧','25级','生物医学工程类','生医类2503班','生物医学工程学院'),(964,'202521121094','蓝唯维','25级','生物医学工程类','生医类2503班','生物医学工程学院'),(965,'202521121095','雷姗妮','25级','生物医学工程类','生医类2503班','生物医学工程学院'),(966,'202521121096','李春霖','25级','生物医学工程类','生医类2503班','生物医学工程学院'),(967,'202521121097','辛世奇','25级','生物医学工程类','生医类2503班','生物医学工程学院'),(968,'202521121098','袁霄雅','25级','生物医学工程类','生医类2503班','生物医学工程学院'),(969,'202521121099','王钰雯','25级','生物医学工程类','生医类2503班','生物医学工程学院'),(970,'202521121100','肖紫涵','25级','生物医学工程类','生医类2503班','生物医学工程学院'),(971,'202521121101','姜宏伟','25级','生物医学工程类','生医类2503班','生物医学工程学院'),(972,'202521121102','辛怡','25级','生物医学工程类','生医类2503班','生物医学工程学院'),(973,'202521121103','赵良玉','25级','生物医学工程类','生医类2503班','生物医学工程学院'),(974,'202521121105','吴阅','25级','生物医学工程类','生医类2503班','生物医学工程学院'),(975,'202521121106','赖彦华','25级','生物医学工程类','生医类2503班','生物医学工程学院'),(976,'202521121107','熊振钦','25级','生物医学工程类','生医类2503班','生物医学工程学院'),(977,'202521121108','文慧娜','25级','生物医学工程类','生医类2503班','生物医学工程学院'),(978,'202521121109','周纳玺','25级','生物医学工程类','生医类2503班','生物医学工程学院'),(979,'202521121110','王嘉豪','25级','生物医学工程类','生医类2503班','生物医学工程学院'),(980,'202521121111','马昊宇','25级','生物医学工程类','生医类2503班','生物医学工程学院'),(981,'202521121112','郝一帆','25级','生物医学工程类','生医类2503班','生物医学工程学院'),(982,'202521121113','谭文雅','25级','生物医学工程类','生医类2503班','生物医学工程学院'),(983,'202521121114','孔李淼','25级','生物医学工程类','生医类2503班','生物医学工程学院'),(984,'202521121115','曹熙雯','25级','生物医学工程类','生医类2504班','生物医学工程学院'),(985,'202521121116','三郎旺姆','25级','生物医学工程类','生医类2504班','生物医学工程学院'),(986,'202521121117','汤志豪','25级','生物医学工程类','生医类2504班','生物医学工程学院'),(987,'202521121118','冉皓铭','25级','生物医学工程类','生医类2504班','生物医学工程学院'),(988,'202521121119','王文晰','25级','生物医学工程类','生医类2504班','生物医学工程学院'),(989,'202521121121','陈虹羽','25级','生物医学工程类','生医类2504班','生物医学工程学院'),(990,'202521121122','朱恩齐','25级','生物医学工程类','生医类2504班','生物医学工程学院'),(991,'202521121123','申硕','25级','生物医学工程类','生医类2504班','生物医学工程学院'),(992,'202521121124','赵娅齐','25级','生物医学工程类','生医类2504班','生物医学工程学院'),(993,'202521121125','马飞燕','25级','生物医学工程类','生医类2504班','生物医学工程学院'),(994,'202521121126','吕宗原','25级','生物医学工程类','生医类2504班','生物医学工程学院'),(995,'202521121127','潘振宇','25级','生物医学工程类','生医类2504班','生物医学工程学院'),(996,'202521121128','刘欣','25级','生物医学工程类','生医类2504班','生物医学工程学院'),(997,'202521121129','肖诗韵','25级','生物医学工程类','生医类2504班','生物医学工程学院'),(998,'202521121130','吕佳凝','25级','生物医学工程类','生医类2504班','生物医学工程学院'),(999,'202521121131','郭昊东','25级','生物医学工程类','生医类2504班','生物医学工程学院'),(1000,'202521121132','马云涛','25级','生物医学工程类','生医类2504班','生物医学工程学院'),(1001,'202521121133','杨晓楠','25级','生物医学工程类','生医类2504班','生物医学工程学院'),(1002,'202521121134','韩丰阳','25级','生物医学工程类','生医类2504班','生物医学工程学院'),(1003,'202521121135','丁疏可轲','25级','生物医学工程类','生医类2504班','生物医学工程学院'),(1004,'202521121136','李彬','25级','生物医学工程类','生医类2504班','生物医学工程学院'),(1005,'202521121137','胡思涵','25级','生物医学工程类','生医类2504班','生物医学工程学院'),(1006,'202521121138','王雯涛','25级','生物医学工程类','生医类2504班','生物医学工程学院'),(1007,'202521121139','陈钰','25级','生物医学工程类','生医类2504班','生物医学工程学院'),(1008,'202521121140','章乐','25级','生物医学工程类','生医类2504班','生物医学工程学院'),(1009,'202521121141','龚子宸','25级','生物医学工程类','生医类2504班','生物医学工程学院'),(1010,'202521121142','周芳洁','25级','生物医学工程类','生医类2504班','生物医学工程学院'),(1011,'202521121143','游翡翠','25级','生物医学工程类','生医类2504班','生物医学工程学院'),(1012,'202521121144','潘石屹','25级','生物医学工程类','生医类2504班','生物医学工程学院'),(1013,'202521121145','马玉婷','25级','生物医学工程类','生医类2504班','生物医学工程学院'),(1014,'202521121146','陈羽宣','25级','生物医学工程类','生医类2504班','生物医学工程学院'),(1015,'202521121147','黄莹莹','25级','生物医学工程类','生医类2504班','生物医学工程学院'),(1016,'202521121148','刘苗','25级','生物医学工程类','生医类2504班','生物医学工程学院'),(1017,'202521121149','田鑫','25级','生物医学工程类','生医类2504班','生物医学工程学院'),(1018,'202521121150','王彦博','25级','生物医学工程类','生医类2504班','生物医学工程学院'),(1019,'202521121151','齐宸仪','25级','生物医学工程类','生医类2504班','生物医学工程学院'),(1020,'202521121152','殷嘉诚','25级','生物医学工程类','生医类2504班','生物医学工程学院'),(1021,'202521121153','陈珑珠','25级','生物医学工程类','生医类2505班','生物医学工程学院'),(1022,'202521121154','努尔扎提·阿迪力','25级','生物医学工程类','生医类2505班','生物医学工程学院'),(1023,'202521121155','朱美桦','25级','生物医学工程类','生医类2505班','生物医学工程学院'),(1024,'202521121156','吕玮晗','25级','生物医学工程类','生医类2505班','生物医学工程学院'),(1025,'202521121157','罗睿骋','25级','生物医学工程类','生医类2505班','生物医学工程学院'),(1026,'202521121158','陈煊文','25级','生物医学工程类','生医类2505班','生物医学工程学院'),(1027,'202521121159','王茜','25级','生物医学工程类','生医类2505班','生物医学工程学院'),(1028,'202521121160','马天奇','25级','生物医学工程类','生医类2505班','生物医学工程学院'),(1029,'202521121161','唐钦兰','25级','生物医学工程类','生医类2505班','生物医学工程学院'),(1030,'202521121162','吴慕瑶','25级','生物医学工程类','生医类2505班','生物医学工程学院'),(1031,'202521121163','杨光梅','25级','生物医学工程类','生医类2505班','生物医学工程学院'),(1032,'202521121164','贺英杰','25级','生物医学工程类','生医类2505班','生物医学工程学院'),(1033,'202521121165','郭子徐','25级','生物医学工程类','生医类2505班','生物医学工程学院'),(1034,'202521121166','汤宇涵','25级','生物医学工程类','生医类2505班','生物医学工程学院'),(1035,'202521121167','黄美莹','25级','生物医学工程类','生医类2505班','生物医学工程学院'),(1036,'202521121168','邹姻娇','25级','生物医学工程类','生医类2505班','生物医学工程学院'),(1037,'202521121169','王芳','25级','生物医学工程类','生医类2505班','生物医学工程学院'),(1038,'202521121170','赵一哲','25级','生物医学工程类','生医类2505班','生物医学工程学院'),(1039,'202521121171','李可可','25级','生物医学工程类','生医类2505班','生物医学工程学院'),(1040,'202521121172','汪云飞','25级','生物医学工程类','生医类2505班','生物医学工程学院'),(1041,'202521121173','温晓菡','25级','生物医学工程类','生医类2505班','生物医学工程学院'),(1042,'202521121174','杨启恒','25级','生物医学工程类','生医类2505班','生物医学工程学院'),(1043,'202521121175','郭佳怡','25级','生物医学工程类','生医类2505班','生物医学工程学院'),(1044,'202521121176','刘星毅','25级','生物医学工程类','生医类2505班','生物医学工程学院'),(1045,'202521121177','许多','25级','生物医学工程类','生医类2505班','生物医学工程学院'),(1046,'202521121178','包杰瑞','25级','生物医学工程类','生医类2505班','生物医学工程学院'),(1047,'202521121179','李薇','25级','生物医学工程类','生医类2505班','生物医学工程学院'),(1048,'202521121180','杨欣语','25级','生物医学工程类','生医类2505班','生物医学工程学院'),(1049,'202521121181','傅冰艳','25级','生物医学工程类','生医类2505班','生物医学工程学院'),(1050,'202521121182','宋涌波','25级','生物医学工程类','生医类2505班','生物医学工程学院'),(1051,'202521121183','马琼','25级','生物医学工程类','生医类2505班','生物医学工程学院'),(1052,'202521121184','黄麒樾','25级','生物医学工程类','生医类2505班','生物医学工程学院'),(1053,'202521121185','刘晶晶','25级','生物医学工程类','生医类2505班','生物医学工程学院'),(1054,'202521121186','吴思奇','25级','生物医学工程类','生医类2505班','生物医学工程学院'),(1055,'202521121187','符佳瑜','25级','生物医学工程类','生医类2505班','生物医学工程学院'),(1056,'202521121188','陈可','25级','生物医学工程类','生医类2505班','生物医学工程学院'),(1057,'202521121189','卢静','25级','生物医学工程类','生医类2505班','生物医学工程学院'),(1058,'202521121190','黄丹妮','25级','生物医学工程类','生医类2506班','生物医学工程学院'),(1059,'202521121191','迪丽孜巴·吐尔逊江','25级','生物医学工程类','生医类2506班','生物医学工程学院'),(1060,'202521121192','李诗涵','25级','生物医学工程类','生医类2506班','生物医学工程学院'),(1061,'202521121193','韦叶红','25级','生物医学工程类','生医类2506班','生物医学工程学院'),(1062,'202521121194','李文珊','25级','生物医学工程类','生医类2506班','生物医学工程学院'),(1063,'202521121195','陈嬉霖','25级','生物医学工程类','生医类2506班','生物医学工程学院'),(1064,'202521121196','陈蕾棂','25级','生物医学工程类','生医类2506班','生物医学工程学院'),(1065,'202521121197','李昊添','25级','生物医学工程类','生医类2506班','生物医学工程学院'),(1066,'202521121198','覃嘉美','25级','生物医学工程类','生医类2506班','生物医学工程学院'),(1067,'202521121199','黄蕾','25级','生物医学工程类','生医类2506班','生物医学工程学院'),(1068,'202521121200','杨精蕊','25级','生物医学工程类','生医类2506班','生物医学工程学院'),(1069,'202521121201','艾小惜','25级','生物医学工程类','生医类2506班','生物医学工程学院'),(1070,'202521121202','朱雅琪','25级','生物医学工程类','生医类2506班','生物医学工程学院'),(1071,'202521121203','袁利群','25级','生物医学工程类','生医类2506班','生物医学工程学院'),(1072,'202521121204','王芷萱','25级','生物医学工程类','生医类2506班','生物医学工程学院'),(1073,'202521121205','覃一鑫','25级','生物医学工程类','生医类2506班','生物医学工程学院'),(1074,'202521121206','后潇潇','25级','生物医学工程类','生医类2506班','生物医学工程学院'),(1075,'202521121207','郑凯文','25级','生物医学工程类','生医类2506班','生物医学工程学院'),(1076,'202521121208','王子轩','25级','生物医学工程类','生医类2506班','生物医学工程学院'),(1077,'202521121209','金盈盈','25级','生物医学工程类','生医类2506班','生物医学工程学院'),(1078,'202521121210','王艺笃','25级','生物医学工程类','生医类2506班','生物医学工程学院'),(1079,'202521121211','石华柜','25级','生物医学工程类','生医类2506班','生物医学工程学院'),(1080,'202521121212','郑浩南','25级','生物医学工程类','生医类2506班','生物医学工程学院'),(1081,'202521121213','蔡韵湍','25级','生物医学工程类','生医类2506班','生物医学工程学院'),(1082,'202521121214','王慧茹','25级','生物医学工程类','生医类2506班','生物医学工程学院'),(1083,'202521121215','徐悦','25级','生物医学工程类','生医类2506班','生物医学工程学院'),(1084,'202521121216','汪宇欣','25级','生物医学工程类','生医类2506班','生物医学工程学院'),(1085,'202521121217','张轩宇','25级','生物医学工程类','生医类2506班','生物医学工程学院'),(1086,'202521121218','陈银滢','25级','生物医学工程类','生医类2506班','生物医学工程学院'),(1087,'202521121219','华摇摇','25级','生物医学工程类','生医类2506班','生物医学工程学院'),(1088,'202521121220','诺日尖措','25级','生物医学工程类','生医类2506班','生物医学工程学院'),(1089,'202521121221','王鑫禹','25级','生物医学工程类','生医类2506班','生物医学工程学院'),(1090,'202521121222','张梦娇','25级','生物医学工程类','生医类2506班','生物医学工程学院'),(1091,'202521121223','张欣悦','25级','生物医学工程类','生医类2506班','生物医学工程学院'),(1092,'202521121224','彭斯锦','25级','生物医学工程类','生医类2506班','生物医学工程学院'),(1093,'202521121225','王云庆','25级','生物医学工程类','生医类2506班','生物医学工程学院'),(1094,'202521121226','苑欣妍','25级','生物医学工程类','生医类2506班','生物医学工程学院'),(1095,'202521121227','唐培焜','25级','生物医学工程类','生医类2507班','生物医学工程学院'),(1096,'202521121228','黄丹艺','25级','生物医学工程类','生医类2507班','生物医学工程学院'),(1097,'202521121229','钟苾尹','25级','生物医学工程类','生医类2507班','生物医学工程学院'),(1098,'202521121230','樊菲琳','25级','生物医学工程类','生医类2507班','生物医学工程学院'),(1099,'202521121231','代晓熠','25级','生物医学工程类','生医类2507班','生物医学工程学院'),(1100,'202521121232','梁森岚','25级','生物医学工程类','生医类2507班','生物医学工程学院'),(1101,'202521121233','王雯萱','25级','生物医学工程类','生医类2507班','生物医学工程学院'),(1102,'202521121234','俸子俊','25级','生物医学工程类','生医类2507班','生物医学工程学院'),(1103,'202521121235','蔡泽丽','25级','生物医学工程类','生医类2507班','生物医学工程学院'),(1104,'202521121236','郝瑾怡','25级','生物医学工程类','生医类2507班','生物医学工程学院'),(1105,'202521121237','季芙名','25级','生物医学工程类','生医类2507班','生物医学工程学院'),(1106,'202521121238','岳月','25级','生物医学工程类','生医类2507班','生物医学工程学院'),(1107,'202521121239','董欣雨','25级','生物医学工程类','生医类2507班','生物医学工程学院'),(1108,'202521121240','何彦锐','25级','生物医学工程类','生医类2507班','生物医学工程学院'),(1109,'202521121241','梁韦诗竹','25级','生物医学工程类','生医类2507班','生物医学工程学院'),(1110,'202521121242','覃雅姗','25级','生物医学工程类','生医类2507班','生物医学工程学院'),(1111,'202521121243','于郑茗','25级','生物医学工程类','生医类2507班','生物医学工程学院'),(1112,'202521121244','刘世宇','25级','生物医学工程类','生医类2507班','生物医学工程学院'),(1113,'202521121245','胡志薪','25级','生物医学工程类','生医类2507班','生物医学工程学院'),(1114,'202521121246','朱程铭','25级','生物医学工程类','生医类2507班','生物医学工程学院'),(1115,'202521121247','勾宗懿','25级','生物医学工程类','生医类2507班','生物医学工程学院'),(1116,'202521121248','余好','25级','生物医学工程类','生医类2507班','生物医学工程学院'),(1117,'202521121249','谢宁怡','25级','生物医学工程类','生医类2507班','生物医学工程学院'),(1118,'202521121250','姜晓菊','25级','生物医学工程类','生医类2507班','生物医学工程学院'),(1119,'202521121251','周萱','25级','生物医学工程类','生医类2507班','生物医学工程学院'),(1120,'202521121252','高晨','25级','生物医学工程类','生医类2507班','生物医学工程学院'),(1121,'202521121253','姚铃林','25级','生物医学工程类','生医类2507班','生物医学工程学院'),(1122,'202521121254','彭江龙','25级','生物医学工程类','生医类2507班','生物医学工程学院'),(1123,'202521121255','夏新宇','25级','生物医学工程类','生医类2507班','生物医学工程学院'),(1124,'202521121256','曲布登措','25级','生物医学工程类','生医类2507班','生物医学工程学院'),(1125,'202521121257','王靖','25级','生物医学工程类','生医类2507班','生物医学工程学院'),(1126,'202521121258','夏梓铭','25级','生物医学工程类','生医类2507班','生物医学工程学院'),(1127,'202521121259','尹陈慧勤','25级','生物医学工程类','生医类2507班','生物医学工程学院'),(1128,'202521121260','李怡萱','25级','生物医学工程类','生医类2507班','生物医学工程学院'),(1129,'202521121261','王竹雨','25级','生物医学工程类','生医类2507班','生物医学工程学院'),(1130,'202521121262','刘滢','25级','生物医学工程类','生医类2507班','生物医学工程学院'),(1131,'202521121263','德吉央宗','25级','生物医学工程类','生医类2507班','生物医学工程学院'),(1132,'202521121264','朱倩','25级','生物医学工程类','生医类2508班','生物医学工程学院'),(1133,'202521121265','杨正洁','25级','生物医学工程类','生医类2508班','生物医学工程学院'),(1134,'202521121266','陈彤','25级','生物医学工程类','生医类2508班','生物医学工程学院'),(1135,'202521121267','刘陈凤','25级','生物医学工程类','生医类2508班','生物医学工程学院'),(1136,'202521121268','龙星羽','25级','生物医学工程类','生医类2508班','生物医学工程学院'),(1137,'202521121269','邓媛元','25级','生物医学工程类','生医类2508班','生物医学工程学院'),(1138,'202521121270','卓涵','25级','生物医学工程类','生医类2508班','生物医学工程学院'),(1139,'202521121271','赵云燕','25级','生物医学工程类','生医类2508班','生物医学工程学院'),(1140,'202521121272','谢慧婕','25级','生物医学工程类','生医类2508班','生物医学工程学院'),(1141,'202521121273','郑镓阳','25级','生物医学工程类','生医类2508班','生物医学工程学院'),(1142,'202521121274','童浩泽','25级','生物医学工程类','生医类2508班','生物医学工程学院'),(1143,'202521121275','周佳','25级','生物医学工程类','生医类2508班','生物医学工程学院'),(1144,'202521121276','唐窈','25级','生物医学工程类','生医类2508班','生物医学工程学院'),(1145,'202521121277','张开亮','25级','生物医学工程类','生医类2508班','生物医学工程学院'),(1146,'202521121278','伍贝','25级','生物医学工程类','生医类2508班','生物医学工程学院'),(1147,'202521121279','韦慧珊','25级','生物医学工程类','生医类2508班','生物医学工程学院'),(1148,'202521121280','杨云舒','25级','生物医学工程类','生医类2508班','生物医学工程学院'),(1149,'202521121281','史君皓','25级','生物医学工程类','生医类2508班','生物医学工程学院'),(1150,'202521121282','苏昱硕','25级','生物医学工程类','生医类2508班','生物医学工程学院'),(1151,'202521121283','陈紫妍','25级','生物医学工程类','生医类2508班','生物医学工程学院'),(1152,'202521121284','刘家仪','25级','生物医学工程类','生医类2508班','生物医学工程学院'),(1153,'202521121285','刘宏彬','25级','生物医学工程类','生医类2508班','生物医学工程学院'),(1154,'202521121286','柳凯文','25级','生物医学工程类','生医类2508班','生物医学工程学院'),(1155,'202521121287','于欢','25级','生物医学工程类','生医类2508班','生物医学工程学院'),(1156,'202521121288','邵宇涵','25级','生物医学工程类','生医类2508班','生物医学工程学院'),(1157,'202521121289','唐芯语','25级','生物医学工程类','生医类2508班','生物医学工程学院'),(1158,'202521121290','杨承何美','25级','生物医学工程类','生医类2508班','生物医学工程学院'),(1159,'202521121291','钟舒芳','25级','生物医学工程类','生医类2508班','生物医学工程学院'),(1160,'202521121292','郑文浩','25级','生物医学工程类','生医类2508班','生物医学工程学院'),(1161,'202521121293','陈冠齐','25级','生物医学工程类','生医类2508班','生物医学工程学院'),(1162,'202521121294','彭思锦','25级','生物医学工程类','生医类2508班','生物医学工程学院'),(1163,'202521121295','郭树言','25级','生物医学工程类','生医类2508班','生物医学工程学院'),(1164,'202521121296','郑继昊','25级','生物医学工程类','生医类2508班','生物医学工程学院'),(1165,'202521121297','薛可迪','25级','生物医学工程类','生医类2508班','生物医学工程学院'),(1166,'202521121298','王亚茹','25级','生物医学工程类','生医类2508班','生物医学工程学院'),(1167,'202521121299','索朗普赤','25级','生物医学工程类','生医类2508班','生物医学工程学院'),(1168,'202521121300','白玛玉措','25级','生物医学工程类','生医类2508班','生物医学工程学院'),(1169,'202521124001','殷佳慧','25级','智能医学工程','智医2501班','生物医学工程学院'),(1170,'202521124002','王斌','25级','智能医学工程','智医2501班','生物医学工程学院'),(1171,'202521124003','龚雅慧','25级','智能医学工程','智医2501班','生物医学工程学院'),(1172,'202521124004','黄敏怡','25级','智能医学工程','智医2501班','生物医学工程学院'),(1173,'202521124005','沈易方','25级','智能医学工程','智医2501班','生物医学工程学院'),(1174,'202521124006','周宇琴','25级','智能医学工程','智医2501班','生物医学工程学院'),(1175,'202521124007','杨东源','25级','智能医学工程','智医2501班','生物医学工程学院'),(1176,'202521124008','金枥','25级','智能医学工程','智医2501班','生物医学工程学院'),(1177,'202521124009','雀永辉','25级','智能医学工程','智医2501班','生物医学工程学院'),(1178,'202521124010','黄俊钦','25级','智能医学工程','智医2501班','生物医学工程学院'),(1179,'202521124011','章云翔','25级','智能医学工程','智医2501班','生物医学工程学院'),(1180,'202521124012','邱婧瑜','25级','智能医学工程','智医2501班','生物医学工程学院'),(1181,'202521124013','王珍宝','25级','智能医学工程','智医2501班','生物医学工程学院'),(1182,'202521124014','刘伟祥','25级','智能医学工程','智医2501班','生物医学工程学院'),(1183,'202521124015','林思帆','25级','智能医学工程','智医2501班','生物医学工程学院'),(1184,'202521124016','曾立珺','25级','智能医学工程','智医2501班','生物医学工程学院'),(1185,'202521124017','刘祥','25级','智能医学工程','智医2501班','生物医学工程学院'),(1186,'202521124018','李媛','25级','智能医学工程','智医2501班','生物医学工程学院'),(1187,'202521124019','吴子骞','25级','智能医学工程','智医2501班','生物医学工程学院'),(1188,'202521124020','向洁','25级','智能医学工程','智医2501班','生物医学工程学院'),(1189,'202521124021','黎柳清','25级','智能医学工程','智医2501班','生物医学工程学院'),(1190,'202521124022','王江琪','25级','智能医学工程','智医2501班','生物医学工程学院'),(1191,'202521124023','刀灿棠','25级','智能医学工程','智医2501班','生物医学工程学院'),(1192,'202521124024','李子研','25级','智能医学工程','智医2501班','生物医学工程学院'),(1193,'202521124025','卢玉','25级','智能医学工程','智医2501班','生物医学工程学院'),(1194,'202521124026','陈美闲','25级','智能医学工程','智医2501班','生物医学工程学院'),(1195,'202521124027','蒋礼丞','25级','智能医学工程','智医2501班','生物医学工程学院'),(1196,'202521124028','陈蹬宇','25级','智能医学工程','智医2501班','生物医学工程学院'),(1197,'202521124029','刘竞博','25级','智能医学工程','智医2501班','生物医学工程学院'),(1198,'202521124030','阙辰镥','25级','智能医学工程','智医2501班','生物医学工程学院'),(1199,'202521124031','李尊','25级','智能医学工程','智医2501班','生物医学工程学院'),(1200,'202521124032','朱欣悦','25级','智能医学工程','智医2501班','生物医学工程学院'),(1201,'202521124033','陈祖耀','25级','智能医学工程','智医2501班','生物医学工程学院'),(1202,'202521124034','张书尘','25级','智能医学工程','智医2501班','生物医学工程学院'),(1203,'202521124035','黄学强','25级','智能医学工程','智医2501班','生物医学工程学院'),(1204,'202521124036','张凝辉','25级','智能医学工程','智医2501班','生物医学工程学院'),(1205,'202521124037','张永强','25级','智能医学工程','智医2501班','生物医学工程学院'),(1206,'202521124038','谢佳真','25级','智能医学工程','智医2501班','生物医学工程学院'),(1207,'202521124039','李琳','25级','智能医学工程','智医2501班','生物医学工程学院'),(1208,'202521124040','马尚勋','25级','智能医学工程','智医2501班','生物医学工程学院'),(1209,'202521124041','蒋飞翔','25级','智能医学工程','智医2502班','生物医学工程学院'),(1210,'202521124042','李文煊','25级','智能医学工程','智医2502班','生物医学工程学院'),(1211,'202521124043','彭权蓉','25级','智能医学工程','智医2502班','生物医学工程学院'),(1212,'202521124044','莫文菲','25级','智能医学工程','智医2502班','生物医学工程学院'),(1213,'202521124045','韦立庆','25级','智能医学工程','智医2502班','生物医学工程学院'),(1214,'202521124046','蓝占戈','25级','智能医学工程','智医2502班','生物医学工程学院'),(1215,'202521124047','李业珍','25级','智能医学工程','智医2502班','生物医学工程学院'),(1216,'202521124048','黄金铭','25级','智能医学工程','智医2502班','生物医学工程学院'),(1217,'202521124049','田钰杉','25级','智能医学工程','智医2502班','生物医学工程学院'),(1218,'202521124050','曹梦婕','25级','智能医学工程','智医2502班','生物医学工程学院'),(1219,'202521124051','顾若楠','25级','智能医学工程','智医2502班','生物医学工程学院'),(1220,'202521124052','王丁丁','25级','智能医学工程','智医2502班','生物医学工程学院'),(1221,'202521124053','吕政贤','25级','智能医学工程','智医2502班','生物医学工程学院'),(1222,'202521124054','苏婷','25级','智能医学工程','智医2502班','生物医学工程学院'),(1223,'202521124055','殷宁静','25级','智能医学工程','智医2502班','生物医学工程学院'),(1224,'202521124056','邓雪慧','25级','智能医学工程','智医2502班','生物医学工程学院'),(1225,'202521124058','冉绍涵','25级','智能医学工程','智医2502班','生物医学工程学院'),(1226,'202521124059','郭丽','25级','智能医学工程','智医2502班','生物医学工程学院'),(1227,'202521124060','李晨玺','25级','智能医学工程','智医2502班','生物医学工程学院'),(1228,'202521124061','储欣妍','25级','智能医学工程','智医2502班','生物医学工程学院'),(1229,'202521124062','方卓妮','25级','智能医学工程','智医2502班','生物医学工程学院'),(1230,'202521124063','潘盛元','25级','智能医学工程','智医2502班','生物医学工程学院'),(1231,'202521124064','赵佳妮','25级','智能医学工程','智医2502班','生物医学工程学院'),(1232,'202521124065','高家诚','25级','智能医学工程','智医2502班','生物医学工程学院'),(1233,'202521124066','雷苏颖','25级','智能医学工程','智医2502班','生物医学工程学院'),(1234,'202521124067','许津铭','25级','智能医学工程','智医2502班','生物医学工程学院'),(1235,'202521124068','汤佳慧','25级','智能医学工程','智医2502班','生物医学工程学院'),(1236,'202521124069','马执桉','25级','智能医学工程','智医2502班','生物医学工程学院'),(1237,'202521124070','乔逸','25级','智能医学工程','智医2502班','生物医学工程学院'),(1238,'202521124071','田澜琦','25级','智能医学工程','智医2502班','生物医学工程学院'),(1239,'202521124072','赵阳明珠','25级','智能医学工程','智医2502班','生物医学工程学院'),(1240,'202521124073','陈依阳','25级','智能医学工程','智医2502班','生物医学工程学院'),(1241,'202521124074','陈添','25级','智能医学工程','智医2502班','生物医学工程学院'),(1242,'202521124075','陈梦淇','25级','智能医学工程','智医2502班','生物医学工程学院'),(1243,'202521124076','祝昕冉','25级','智能医学工程','智医2502班','生物医学工程学院'),(1244,'202521124077','程梓萌','25级','智能医学工程','智医2502班','生物医学工程学院'),(1245,'202521124078','桂耀鑫','25级','智能医学工程','智医2502班','生物医学工程学院'),(1246,'202521124079','程添','25级','智能医学工程','智医2502班','生物医学工程学院'),(1247,'202521124080','徐靖婧','25级','智能医学工程','智医2502班','生物医学工程学院'),(1248,'202561122001','胡田田','25级','生物医学工程（第二学位）','二学位','生物医学工程学院'),(1249,'202561122002','蓝宏昊','25级','生物医学工程（第二学位）','二学位','生物医学工程学院'),(1250,'202561122004','郭英博','25级','生物医学工程（第二学位）','二学位','生物医学工程学院'),(1251,'202561122005','李承羲','25级','生物医学工程（第二学位）','二学位','生物医学工程学院'),(1252,'202561123001','奕莉娜','25级','医学信息工程（第二学位）','二学位','生物医学工程学院'),(1253,'202561123002','毛书蓓','25级','医学信息工程（第二学位）','二学位','生物医学工程学院'),(1254,'202561123004','桂泽鸿','25级','医学信息工程（第二学位）','二学位','生物医学工程学院'),(1255,'202561123005','杨贻杰','25级','医学信息工程（第二学位）','二学位','生物医学工程学院');
/*!40000 ALTER TABLE `student` ENABLE KEYS */;
UNLOCK TABLES;

--
-- Table structure for table `team`
--

DROP TABLE IF EXISTS `team`;
/*!40101 SET @saved_cs_client     = @@character_set_client */;
/*!50503 SET character_set_client = utf8mb4 */;
CREATE TABLE `team` (
  `team_id` int NOT NULL AUTO_INCREMENT COMMENT '团队ID（主键，自增生成）',
  `name` varchar(50) NOT NULL DEFAULT '' COMMENT '团队名称（可后补）',
  `leader_id` int DEFAULT NULL COMMENT '关联学生表ID（负责人，可后选）',
  `competition_id` int NOT NULL COMMENT '关联竞赛表ID（必选，绑定竞赛）',
  `has_sort` tinyint(1) NOT NULL DEFAULT '0' COMMENT '团队成员是否有排序（0=无，1=有）',
  `create_time` datetime NOT NULL DEFAULT CURRENT_TIMESTAMP COMMENT '创建时间',
  PRIMARY KEY (`team_id`),
  KEY `leader_id` (`leader_id`),
  KEY `competition_id` (`competition_id`),
  CONSTRAINT `team_ibfk_1` FOREIGN KEY (`leader_id`) REFERENCES `student` (`student_id`) ON DELETE SET NULL,
  CONSTRAINT `team_ibfk_2` FOREIGN KEY (`competition_id`) REFERENCES `competition` (`competition_id`) ON DELETE CASCADE
) ENGINE=InnoDB AUTO_INCREMENT=3 DEFAULT CHARSET=utf8mb4 COLLATE=utf8mb4_0900_ai_ci COMMENT='团队表（支持先建团队ID、后补名称/负责人、再加成员）';
/*!40101 SET character_set_client = @saved_cs_client */;

--
-- Dumping data for table `team`
--

LOCK TABLES `team` WRITE;
/*!40000 ALTER TABLE `team` DISABLE KEYS */;
/*!40000 ALTER TABLE `team` ENABLE KEYS */;
UNLOCK TABLES;

--
-- Table structure for table `team_member`
--

DROP TABLE IF EXISTS `team_member`;
/*!40101 SET @saved_cs_client     = @@character_set_client */;
/*!50503 SET character_set_client = utf8mb4 */;
CREATE TABLE `team_member` (
  `team_member_id` int NOT NULL AUTO_INCREMENT COMMENT '成员关联ID（主键）',
  `team_id` int NOT NULL COMMENT '关联团队表ID',
  `student_id` int DEFAULT NULL COMMENT '本院学生ID（外院/外校留空，关联学生表取信息）',
  `is_leader` tinyint(1) NOT NULL DEFAULT '0' COMMENT '是否负责人（0=否，1=是；允许全0）',
  `sort_order` int DEFAULT NULL COMMENT '排序序号（团队has_sort=1时必填，否则留空）',
  `external_name` varchar(20) DEFAULT NULL COMMENT '外院/外校学生姓名',
  `external_number` varchar(20) DEFAULT NULL COMMENT '外院/外校学生学号',
  `external_school` varchar(50) DEFAULT NULL COMMENT '外院/外校学生学校/学院',
  PRIMARY KEY (`team_member_id`),
  KEY `idx_team_sort` (`team_id`,`sort_order`) COMMENT '团队+排序联合索引，优化查询',
  KEY `student_id` (`student_id`),
  CONSTRAINT `team_member_ibfk_1` FOREIGN KEY (`team_id`) REFERENCES `team` (`team_id`) ON DELETE CASCADE,
  CONSTRAINT `team_member_ibfk_2` FOREIGN KEY (`student_id`) REFERENCES `student` (`student_id`) ON DELETE SET NULL
) ENGINE=InnoDB AUTO_INCREMENT=5 DEFAULT CHARSET=utf8mb4 COLLATE=utf8mb4_0900_ai_ci COMMENT='团队成员表（区分本院/外院/外校学生）';
/*!40101 SET character_set_client = @saved_cs_client */;

--
-- Dumping data for table `team_member`
--

LOCK TABLES `team_member` WRITE;
/*!40000 ALTER TABLE `team_member` DISABLE KEYS */;
/*!40000 ALTER TABLE `team_member` ENABLE KEYS */;
UNLOCK TABLES;

--
-- Table structure for table `user`
--

DROP TABLE IF EXISTS `user`;
/*!40101 SET @saved_cs_client     = @@character_set_client */;
/*!50503 SET character_set_client = utf8mb4 */;
CREATE TABLE `user` (
  `user_id` int NOT NULL AUTO_INCREMENT COMMENT '用户ID（主键）',
  `username` varchar(30) NOT NULL COMMENT '登录账号（唯一）',
  `password` varchar(50) NOT NULL COMMENT '加密密码',
  `role` set('student','mentor','admin') NOT NULL COMMENT '用户角色（可多选，用逗号分隔）',
  `student_id` int DEFAULT NULL COMMENT '关联学生表ID（当角色包含student时非空）',
  `mentor_id` int DEFAULT NULL COMMENT '关联导师表ID（当角色包含mentor时非空）',
  `create_time` datetime NOT NULL DEFAULT CURRENT_TIMESTAMP COMMENT '创建时间',
  `status` enum('enabled','disabled') NOT NULL DEFAULT 'enabled' COMMENT '账号状态',
  PRIMARY KEY (`user_id`),
  UNIQUE KEY `uk_username` (`username`),
  KEY `student_id` (`student_id`),
  KEY `mentor_id` (`mentor_id`),
  CONSTRAINT `user_ibfk_1` FOREIGN KEY (`student_id`) REFERENCES `student` (`student_id`) ON DELETE CASCADE,
  CONSTRAINT `user_ibfk_2` FOREIGN KEY (`mentor_id`) REFERENCES `mentor` (`mentor_id`) ON DELETE CASCADE,
  CONSTRAINT `chk_at_least_one_role` CHECK ((`role` <> _utf8mb3'')),
  CONSTRAINT `chk_mentor_role` CHECK ((((find_in_set(_utf8mb3'mentor',`role`) > 0) and (`mentor_id` is not null)) or ((find_in_set(_utf8mb3'mentor',`role`) = 0) and (`mentor_id` is null)))),
  CONSTRAINT `chk_student_role` CHECK ((((find_in_set(_utf8mb3'student',`role`) > 0) and (`student_id` is not null)) or ((find_in_set(_utf8mb3'student',`role`) = 0) and (`student_id` is null))))
) ENGINE=InnoDB AUTO_INCREMENT=3 DEFAULT CHARSET=utf8mb4 COLLATE=utf8mb4_0900_ai_ci COMMENT='用户主表（支持多角色，单表实现）';
/*!40101 SET character_set_client = @saved_cs_client */;

--
-- Dumping data for table `user`
--

LOCK TABLES `user` WRITE;
/*!40000 ALTER TABLE `user` DISABLE KEYS */;
INSERT INTO `user` VALUES (1,'202021121221','202021121221','student,admin',1,NULL,'2026-02-09 13:31:02','enabled'),(2,'123456','123456','mentor',NULL,1,'2026-02-10 17:20:01','enabled');
/*!40000 ALTER TABLE `user` ENABLE KEYS */;
UNLOCK TABLES;

--
-- Dumping routines for database 'awardsystem'
--
/*!40103 SET TIME_ZONE=@OLD_TIME_ZONE */;

/*!40101 SET SQL_MODE=@OLD_SQL_MODE */;
/*!40014 SET FOREIGN_KEY_CHECKS=@OLD_FOREIGN_KEY_CHECKS */;
/*!40014 SET UNIQUE_CHECKS=@OLD_UNIQUE_CHECKS */;
/*!40101 SET CHARACTER_SET_CLIENT=@OLD_CHARACTER_SET_CLIENT */;
/*!40101 SET CHARACTER_SET_RESULTS=@OLD_CHARACTER_SET_RESULTS */;
/*!40101 SET COLLATION_CONNECTION=@OLD_COLLATION_CONNECTION */;
/*!40111 SET SQL_NOTES=@OLD_SQL_NOTES */;

-- Dump completed on 2026-03-10  7:55:21
